Traceback (most recent call last):
  File "/Users/akshatporwal/Documents/projects/NBA_ML/collect_nba_api_data.py", line 460, in call_endpoint
    response = endpoint_cls(**request_params)
  File "/Users/akshatporwal/Documents/projects/NBA_ML/.venv/lib/python3.14/site-packages/nba_api/stats/endpoints/teamdashboardbygeneralsplits.py", line 499, in __init__
    self.get_request()
    ~~~~~~~~~~~~~~~~^^
  File "/Users/akshatporwal/Documents/projects/NBA_ML/.venv/lib/python3.14/site-packages/nba_api/stats/endpoints/teamdashboardbygeneralsplits.py", line 509, in get_request
    self.load_response()
    ~~~~~~~~~~~~~~~~~~^^
  File "/Users/akshatporwal/Documents/projects/NBA_ML/.venv/lib/python3.14/site-packages/nba_api/stats/endpoints/teamdashboardbygeneralsplits.py", line 512, in load_response
    data_sets = self.nba_response.get_data_sets()
  File "/Users/akshatporwal/Documents/projects/NBA_ML/.venv/lib/python3.14/site-packages/nba_api/stats/library/http.py", line 97, in get_data_sets
    raw_dict = self.get_dict()
  File "/Users/akshatporwal/Documents/projects/NBA_ML/.venv/lib/python3.14/site-packages/nba_api/library/http.py", line 42, in get_dict
    return json.loads(self._response)
           ~~~~~~~~~~^^^^^^^^^^^^^^^^
  File "/opt/homebrew/Cellar/python@3.14/3.14.0/Frameworks/Python.framework/Versions/3.14/lib/python3.14/json/__init__.py", line 346, in loads
    return _default_decoder.decode(s)
           ~~~~~~~~~~~~~~~~~~~~~~~^^^
  File "/opt/homebrew/Cellar/python@3.14/3.14.0/Frameworks/Python.framework/Versions/3.14/lib/python3.14/json/decoder.py", line 345, in decode
    obj, end = self.raw_decode(s, idx=_w(s, 0).end())
               ~~~~~~~~~~~~~~~^^^^^^^^^^^^^^^^^^^^^^^
  File "/opt/homebrew/Cellar/python@3.14/3.14.0/Frameworks/Python.framework/Versions/3.14/lib/python3.14/json/decoder.py", line 363, in raw_decode
    raise JSONDecodeError("Expecting value", s, err.value) from None
json.decoder.JSONDecodeError: Expecting value: line 1 column 1 (char 0)
Traceback (most recent call last):
  File "/Users/akshatporwal/Documents/projects/NBA_ML/collect_nba_api_data.py", line 460, in call_endpoint
    response = endpoint_cls(**request_params)
TypeError: TeamPlayerOnOffSummary.__init__() missing 1 required positional argument: 'team_id'
Traceback (most recent call last):
  File "/Users/akshatporwal/Documents/projects/NBA_ML/collect_nba_api_data.py", line 460, in call_endpoint
    response = endpoint_cls(**request_params)
TypeError: TeamPlayerOnOffSummary.__init__() missing 1 required positional argument: 'team_id'
Traceback (most recent call last):
  File "/Users/akshatporwal/Documents/projects/NBA_ML/collect_nba_api_data.py", line 460, in call_endpoint
    response = endpoint_cls(**request_params)
TypeError: TeamPlayerOnOffSummary.__init__() missing 1 required positional argument: 'team_id'
Traceback (most recent call last):
  File "/Users/akshatporwal/Documents/projects/NBA_ML/collect_nba_api_data.py", line 460, in call_endpoint
    response = endpoint_cls(**request_params)
TypeError: TeamPlayerOnOffSummary.__init__() missing 1 required positional argument: 'team_id'
Traceback (most recent call last):
  File "/Users/akshatporwal/Documents/projects/NBA_ML/collect_nba_api_data.py", line 460, in call_endpoint
    response = endpoint_cls(**request_params)
TypeError: TeamPlayerOnOffSummary.__init__() missing 1 required positional argument: 'team_id'
Traceback (most recent call last):
  File "/Users/akshatporwal/Documents/projects/NBA_ML/collect_nba_api_data.py", line 460, in call_endpoint
    response = endpoint_cls(**request_params)
TypeError: TeamPlayerOnOffSummary.__init__() missing 1 required positional argument: 'team_id'
Traceback (most recent call last):
  File "/Users/akshatporwal/Documents/projects/NBA_ML/collect_nba_api_data.py", line 460, in call_endpoint
    response = endpoint_cls(**request_params)
TypeError: TeamPlayerOnOffSummary.__init__() missing 1 required positional argument: 'team_id'
Traceback (most recent call last):
  File "/Users/akshatporwal/Documents/projects/NBA_ML/collect_nba_api_data.py", line 460, in call_endpoint
    response = endpoint_cls(**request_params)
TypeError: TeamPlayerOnOffSummary.__init__() missing 1 required positional argument: 'team_id'
Traceback (most recent call last):
  File "/Users/akshatporwal/Documents/projects/NBA_ML/collect_nba_api_data.py", line 460, in call_endpoint
    response = endpoint_cls(**request_params)
TypeError: TeamPlayerOnOffSummary.__init__() missing 1 required positional argument: 'team_id'
Traceback (most recent call last):
  File "/Users/akshatporwal/Documents/projects/NBA_ML/collect_nba_api_data.py", line 460, in call_endpoint
    response = endpoint_cls(**request_params)
TypeError: TeamPlayerOnOffSummary.__init__() missing 1 required positional argument: 'team_id'
Traceback (most recent call last):
  File "/Users/akshatporwal/Documents/projects/NBA_ML/collect_nba_api_data.py", line 460, in call_endpoint
    response = endpoint_cls(**request_params)
TypeError: TeamPlayerOnOffSummary.__init__() missing 1 required positional argument: 'team_id'
Traceback (most recent call last):
  File "/Users/akshatporwal/Documents/projects/NBA_ML/collect_nba_api_data.py", line 460, in call_endpoint
    response = endpoint_cls(**request_params)
TypeError: TeamPlayerOnOffSummary.__init__() missing 1 required positional argument: 'team_id'
Traceback (most recent call last):
  File "/Users/akshatporwal/Documents/projects/NBA_ML/collect_nba_api_data.py", line 460, in call_endpoint
    response = endpoint_cls(**request_params)
TypeError: TeamPlayerOnOffSummary.__init__() missing 1 required positional argument: 'team_id'
Traceback (most recent call last):
  File "/Users/akshatporwal/Documents/projects/NBA_ML/collect_nba_api_data.py", line 460, in call_endpoint
    response = endpoint_cls(**request_params)
TypeError: TeamPlayerOnOffSummary.__init__() missing 1 required positional argument: 'team_id'
Traceback (most recent call last):
  File "/Users/akshatporwal/Documents/projects/NBA_ML/collect_nba_api_data.py", line 460, in call_endpoint
    response = endpoint_cls(**request_params)
TypeError: TeamPlayerOnOffSummary.__init__() missing 1 required positional argument: 'team_id'
Traceback (most recent call last):
  File "/Users/akshatporwal/Documents/projects/NBA_ML/collect_nba_api_data.py", line 460, in call_endpoint
    response = endpoint_cls(**request_params)
TypeError: TeamPlayerOnOffSummary.__init__() missing 1 required positional argument: 'team_id'
Traceback (most recent call last):
  File "/Users/akshatporwal/Documents/projects/NBA_ML/collect_nba_api_data.py", line 460, in call_endpoint
    response = endpoint_cls(**request_params)
TypeError: TeamPlayerOnOffSummary.__init__() missing 1 required positional argument: 'team_id'
Traceback (most recent call last):
  File "/Users/akshatporwal/Documents/projects/NBA_ML/collect_nba_api_data.py", line 460, in call_endpoint
    response = endpoint_cls(**request_params)
TypeError: TeamPlayerOnOffSummary.__init__() missing 1 required positional argument: 'team_id'
Traceback (most recent call last):
  File "/Users/akshatporwal/Documents/projects/NBA_ML/collect_nba_api_data.py", line 460, in call_endpoint
    response = endpoint_cls(**request_params)
TypeError: TeamPlayerOnOffSummary.__init__() missing 1 required positional argument: 'team_id'
Traceback (most recent call last):
  File "/Users/akshatporwal/Documents/projects/NBA_ML/collect_nba_api_data.py", line 460, in call_endpoint
    response = endpoint_cls(**request_params)
TypeError: TeamPlayerOnOffSummary.__init__() missing 1 required positional argument: 'team_id'
Traceback (most recent call last):
  File "/Users/akshatporwal/Documents/projects/NBA_ML/collect_nba_api_data.py", line 460, in call_endpoint
    response = endpoint_cls(**request_params)
TypeError: TeamPlayerOnOffSummary.__init__() missing 1 required positional argument: 'team_id'
Traceback (most recent call last):
  File "/Users/akshatporwal/Documents/projects/NBA_ML/collect_nba_api_data.py", line 460, in call_endpoint
    response = endpoint_cls(**request_params)
TypeError: TeamPlayerOnOffSummary.__init__() missing 1 required positional argument: 'team_id'
Traceback (most recent call last):
  File "/Users/akshatporwal/Documents/projects/NBA_ML/collect_nba_api_data.py", line 460, in call_endpoint
    response = endpoint_cls(**request_params)
TypeError: TeamPlayerOnOffSummary.__init__() missing 1 required positional argument: 'team_id'
Traceback (most recent call last):
  File "/Users/akshatporwal/Documents/projects/NBA_ML/collect_nba_api_data.py", line 460, in call_endpoint
    response = endpoint_cls(**request_params)
TypeError: TeamPlayerOnOffSummary.__init__() missing 1 required positional argument: 'team_id'
Traceback (most recent call last):
  File "/Users/akshatporwal/Documents/projects/NBA_ML/collect_nba_api_data.py", line 460, in call_endpoint
    response = endpoint_cls(**request_params)
TypeError: TeamPlayerOnOffSummary.__init__() missing 1 required positional argument: 'team_id'
Traceback (most recent call last):
  File "/Users/akshatporwal/Documents/projects/NBA_ML/collect_nba_api_data.py", line 460, in call_endpoint
    response = endpoint_cls(**request_params)
TypeError: TeamPlayerOnOffSummary.__init__() missing 1 required positional argument: 'team_id'
Traceback (most recent call last):
  File "/Users/akshatporwal/Documents/projects/NBA_ML/collect_nba_api_data.py", line 460, in call_endpoint
    response = endpoint_cls(**request_params)
TypeError: TeamPlayerOnOffSummary.__init__() missing 1 required positional argument: 'team_id'
Traceback (most recent call last):
  File "/Users/akshatporwal/Documents/projects/NBA_ML/collect_nba_api_data.py", line 460, in call_endpoint
    response = endpoint_cls(**request_params)
TypeError: TeamPlayerOnOffSummary.__init__() missing 1 required positional argument: 'team_id'
Traceback (most recent call last):
  File "/Users/akshatporwal/Documents/projects/NBA_ML/collect_nba_api_data.py", line 460, in call_endpoint
    response = endpoint_cls(**request_params)
TypeError: TeamPlayerOnOffSummary.__init__() missing 1 required positional argument: 'team_id'
Traceback (most recent call last):
  File "/Users/akshatporwal/Documents/projects/NBA_ML/collect_nba_api_data.py", line 460, in call_endpoint
    response = endpoint_cls(**request_params)
TypeError: TeamPlayerOnOffSummary.__init__() missing 1 required positional argument: 'team_id'
Traceback (most recent call last):
  File "/Users/akshatporwal/Documents/projects/NBA_ML/collect_nba_api_data.py", line 460, in call_endpoint
    response = endpoint_cls(**request_params)
TypeError: TeamPlayerOnOffSummary.__init__() missing 1 required positional argument: 'team_id'
Traceback (most recent call last):
  File "/Users/akshatporwal/Documents/projects/NBA_ML/collect_nba_api_data.py", line 460, in call_endpoint
    response = endpoint_cls(**request_params)
TypeError: TeamPlayerOnOffSummary.__init__() missing 1 required positional argument: 'team_id'
Traceback (most recent call last):
  File "/Users/akshatporwal/Documents/projects/NBA_ML/collect_nba_api_data.py", line 460, in call_endpoint
    response = endpoint_cls(**request_params)
TypeError: TeamPlayerOnOffSummary.__init__() missing 1 required positional argument: 'team_id'
Traceback (most recent call last):
  File "/Users/akshatporwal/Documents/projects/NBA_ML/collect_nba_api_data.py", line 460, in call_endpoint
    response = endpoint_cls(**request_params)
TypeError: TeamPlayerOnOffSummary.__init__() missing 1 required positional argument: 'team_id'
Traceback (most recent call last):
  File "/Users/akshatporwal/Documents/projects/NBA_ML/collect_nba_api_data.py", line 460, in call_endpoint
    response = endpoint_cls(**request_params)
TypeError: TeamPlayerOnOffSummary.__init__() missing 1 required positional argument: 'team_id'
Traceback (most recent call last):
  File "/Users/akshatporwal/Documents/projects/NBA_ML/collect_nba_api_data.py", line 460, in call_endpoint
    response = endpoint_cls(**request_params)
TypeError: TeamPlayerOnOffSummary.__init__() missing 1 required positional argument: 'team_id'
Traceback (most recent call last):
  File "/Users/akshatporwal/Documents/projects/NBA_ML/collect_nba_api_data.py", line 460, in call_endpoint
    response = endpoint_cls(**request_params)
TypeError: TeamPlayerOnOffSummary.__init__() missing 1 required positional argument: 'team_id'
Traceback (most recent call last):
  File "/Users/akshatporwal/Documents/projects/NBA_ML/collect_nba_api_data.py", line 460, in call_endpoint
    response = endpoint_cls(**request_params)
  File "/Users/akshatporwal/Documents/projects/NBA_ML/.venv/lib/python3.14/site-packages/nba_api/stats/endpoints/playercareerstats.py", line 315, in __init__
    self.get_request()
    ~~~~~~~~~~~~~~~~^^
  File "/Users/akshatporwal/Documents/projects/NBA_ML/.venv/lib/python3.14/site-packages/nba_api/stats/endpoints/playercareerstats.py", line 325, in get_request
    self.load_response()
    ~~~~~~~~~~~~~~~~~~^^
  File "/Users/akshatporwal/Documents/projects/NBA_ML/.venv/lib/python3.14/site-packages/nba_api/stats/endpoints/playercareerstats.py", line 328, in load_response
    data_sets = self.nba_response.get_data_sets()
  File "/Users/akshatporwal/Documents/projects/NBA_ML/.venv/lib/python3.14/site-packages/nba_api/stats/library/http.py", line 104, in get_data_sets
    results = raw_dict["resultSet"]
              ~~~~~~~~^^^^^^^^^^^^^
KeyError: 'resultSet'
Traceback (most recent call last):
  File "/Users/akshatporwal/Documents/projects/NBA_ML/collect_nba_api_data.py", line 460, in call_endpoint
    response = endpoint_cls(**request_params)
TypeError: TeamPlayerOnOffSummary.__init__() missing 1 required positional argument: 'team_id'
Traceback (most recent call last):
  File "/Users/akshatporwal/Documents/projects/NBA_ML/collect_nba_api_data.py", line 460, in call_endpoint
    response = endpoint_cls(**request_params)
TypeError: TeamPlayerOnOffSummary.__init__() missing 1 required positional argument: 'team_id'
Traceback (most recent call last):
  File "/Users/akshatporwal/Documents/projects/NBA_ML/collect_nba_api_data.py", line 460, in call_endpoint
    response = endpoint_cls(**request_params)
TypeError: TeamPlayerOnOffSummary.__init__() missing 1 required positional argument: 'team_id'
Traceback (most recent call last):
  File "/Users/akshatporwal/Documents/projects/NBA_ML/collect_nba_api_data.py", line 460, in call_endpoint
    response = endpoint_cls(**request_params)
TypeError: TeamPlayerOnOffSummary.__init__() missing 1 required positional argument: 'team_id'
Traceback (most recent call last):
  File "/Users/akshatporwal/Documents/projects/NBA_ML/collect_nba_api_data.py", line 460, in call_endpoint
    response = endpoint_cls(**request_params)
TypeError: TeamPlayerOnOffSummary.__init__() missing 1 required positional argument: 'team_id'
Traceback (most recent call last):
  File "/Users/akshatporwal/Documents/projects/NBA_ML/collect_nba_api_data.py", line 460, in call_endpoint
    response = endpoint_cls(**request_params)
TypeError: TeamPlayerOnOffSummary.__init__() missing 1 required positional argument: 'team_id'
Traceback (most recent call last):
  File "/Users/akshatporwal/Documents/projects/NBA_ML/collect_nba_api_data.py", line 460, in call_endpoint
    response = endpoint_cls(**request_params)
TypeError: TeamPlayerOnOffSummary.__init__() missing 1 required positional argument: 'team_id'
Traceback (most recent call last):
  File "/Users/akshatporwal/Documents/projects/NBA_ML/collect_nba_api_data.py", line 460, in call_endpoint
    response = endpoint_cls(**request_params)
TypeError: TeamPlayerOnOffSummary.__init__() missing 1 required positional argument: 'team_id'
Traceback (most recent call last):
  File "/Users/akshatporwal/Documents/projects/NBA_ML/collect_nba_api_data.py", line 460, in call_endpoint
    response = endpoint_cls(**request_params)
TypeError: TeamPlayerOnOffSummary.__init__() missing 1 required positional argument: 'team_id'
Traceback (most recent call last):
  File "/Users/akshatporwal/Documents/projects/NBA_ML/collect_nba_api_data.py", line 460, in call_endpoint
    response = endpoint_cls(**request_params)
TypeError: TeamPlayerOnOffSummary.__init__() missing 1 required positional argument: 'team_id'
Traceback (most recent call last):
  File "/Users/akshatporwal/Documents/projects/NBA_ML/collect_nba_api_data.py", line 460, in call_endpoint
    response = endpoint_cls(**request_params)
TypeError: TeamPlayerOnOffSummary.__init__() missing 1 required positional argument: 'team_id'
Traceback (most recent call last):
  File "/Users/akshatporwal/Documents/projects/NBA_ML/collect_nba_api_data.py", line 460, in call_endpoint
    response = endpoint_cls(**request_params)
TypeError: TeamPlayerOnOffSummary.__init__() missing 1 required positional argument: 'team_id'
Traceback (most recent call last):
  File "/Users/akshatporwal/Documents/projects/NBA_ML/collect_nba_api_data.py", line 460, in call_endpoint
    response = endpoint_cls(**request_params)
TypeError: TeamPlayerOnOffSummary.__init__() missing 1 required positional argument: 'team_id'
Traceback (most recent call last):
  File "/Users/akshatporwal/Documents/projects/NBA_ML/collect_nba_api_data.py", line 460, in call_endpoint
    response = endpoint_cls(**request_params)
TypeError: TeamPlayerOnOffSummary.__init__() missing 1 required positional argument: 'team_id'
Traceback (most recent call last):
  File "/Users/akshatporwal/Documents/projects/NBA_ML/collect_nba_api_data.py", line 460, in call_endpoint
    response = endpoint_cls(**request_params)
TypeError: TeamPlayerOnOffSummary.__init__() missing 1 required positional argument: 'team_id'
Traceback (most recent call last):
  File "/Users/akshatporwal/Documents/projects/NBA_ML/collect_nba_api_data.py", line 460, in call_endpoint
    response = endpoint_cls(**request_params)
TypeError: TeamPlayerOnOffSummary.__init__() missing 1 required positional argument: 'team_id'
Traceback (most recent call last):
  File "/Users/akshatporwal/Documents/projects/NBA_ML/collect_nba_api_data.py", line 460, in call_endpoint
    response = endpoint_cls(**request_params)
TypeError: TeamPlayerOnOffSummary.__init__() missing 1 required positional argument: 'team_id'
Traceback (most recent call last):
  File "/Users/akshatporwal/Documents/projects/NBA_ML/collect_nba_api_data.py", line 460, in call_endpoint
    response = endpoint_cls(**request_params)
TypeError: TeamPlayerOnOffSummary.__init__() missing 1 required positional argument: 'team_id'
Traceback (most recent call last):
  File "/Users/akshatporwal/Documents/projects/NBA_ML/collect_nba_api_data.py", line 460, in call_endpoint
    response = endpoint_cls(**request_params)
TypeError: TeamPlayerOnOffSummary.__init__() missing 1 required positional argument: 'team_id'
Traceback (most recent call last):
  File "/Users/akshatporwal/Documents/projects/NBA_ML/collect_nba_api_data.py", line 460, in call_endpoint
    response = endpoint_cls(**request_params)
TypeError: TeamPlayerOnOffSummary.__init__() missing 1 required positional argument: 'team_id'
Traceback (most recent call last):
  File "/Users/akshatporwal/Documents/projects/NBA_ML/collect_nba_api_data.py", line 460, in call_endpoint
    response = endpoint_cls(**request_params)
TypeError: TeamPlayerOnOffSummary.__init__() missing 1 required positional argument: 'team_id'
Traceback (most recent call last):
  File "/Users/akshatporwal/Documents/projects/NBA_ML/collect_nba_api_data.py", line 460, in call_endpoint
    response = endpoint_cls(**request_params)
TypeError: TeamPlayerOnOffSummary.__init__() missing 1 required positional argument: 'team_id'
Traceback (most recent call last):
  File "/Users/akshatporwal/Documents/projects/NBA_ML/collect_nba_api_data.py", line 460, in call_endpoint
    response = endpoint_cls(**request_params)
TypeError: TeamPlayerOnOffSummary.__init__() missing 1 required positional argument: 'team_id'
Traceback (most recent call last):
  File "/Users/akshatporwal/Documents/projects/NBA_ML/collect_nba_api_data.py", line 460, in call_endpoint
    response = endpoint_cls(**request_params)
TypeError: TeamPlayerOnOffSummary.__init__() missing 1 required positional argument: 'team_id'
Traceback (most recent call last):
  File "/Users/akshatporwal/Documents/projects/NBA_ML/collect_nba_api_data.py", line 460, in call_endpoint
    response = endpoint_cls(**request_params)
TypeError: TeamPlayerOnOffSummary.__init__() missing 1 required positional argument: 'team_id'
Traceback (most recent call last):
  File "/Users/akshatporwal/Documents/projects/NBA_ML/collect_nba_api_data.py", line 460, in call_endpoint
    response = endpoint_cls(**request_params)
TypeError: TeamPlayerOnOffSummary.__init__() missing 1 required positional argument: 'team_id'
Traceback (most recent call last):
  File "/Users/akshatporwal/Documents/projects/NBA_ML/collect_nba_api_data.py", line 460, in call_endpoint
    response = endpoint_cls(**request_params)
TypeError: TeamPlayerOnOffSummary.__init__() missing 1 required positional argument: 'team_id'
Traceback (most recent call last):
  File "/Users/akshatporwal/Documents/projects/NBA_ML/collect_nba_api_data.py", line 460, in call_endpoint
    response = endpoint_cls(**request_params)
TypeError: TeamPlayerOnOffSummary.__init__() missing 1 required positional argument: 'team_id'
Traceback (most recent call last):
  File "/Users/akshatporwal/Documents/projects/NBA_ML/collect_nba_api_data.py", line 460, in call_endpoint
    response = endpoint_cls(**request_params)
TypeError: TeamPlayerOnOffSummary.__init__() missing 1 required positional argument: 'team_id'
Traceback (most recent call last):
  File "/Users/akshatporwal/Documents/projects/NBA_ML/collect_nba_api_data.py", line 460, in call_endpoint
    response = endpoint_cls(**request_params)
TypeError: TeamPlayerOnOffSummary.__init__() missing 1 required positional argument: 'team_id'
Traceback (most recent call last):
  File "/Users/akshatporwal/Documents/projects/NBA_ML/collect_nba_api_data.py", line 460, in call_endpoint
    response = endpoint_cls(**request_params)
TypeError: TeamPlayerOnOffSummary.__init__() missing 1 required positional argument: 'team_id'
Traceback (most recent call last):
  File "/Users/akshatporwal/Documents/projects/NBA_ML/collect_nba_api_data.py", line 460, in call_endpoint
    response = endpoint_cls(**request_params)
  File "/Users/akshatporwal/Documents/projects/NBA_ML/.venv/lib/python3.14/site-packages/nba_api/stats/endpoints/playercareerstats.py", line 315, in __init__
    self.get_request()
    ~~~~~~~~~~~~~~~~^^
  File "/Users/akshatporwal/Documents/projects/NBA_ML/.venv/lib/python3.14/site-packages/nba_api/stats/endpoints/playercareerstats.py", line 325, in get_request
    self.load_response()
    ~~~~~~~~~~~~~~~~~~^^
  File "/Users/akshatporwal/Documents/projects/NBA_ML/.venv/lib/python3.14/site-packages/nba_api/stats/endpoints/playercareerstats.py", line 328, in load_response
    data_sets = self.nba_response.get_data_sets()
  File "/Users/akshatporwal/Documents/projects/NBA_ML/.venv/lib/python3.14/site-packages/nba_api/stats/library/http.py", line 104, in get_data_sets
    results = raw_dict["resultSet"]
              ~~~~~~~~^^^^^^^^^^^^^
KeyError: 'resultSet'
Traceback (most recent call last):
  File "/Users/akshatporwal/Documents/projects/NBA_ML/collect_nba_api_data.py", line 460, in call_endpoint
    response = endpoint_cls(**request_params)
TypeError: TeamPlayerOnOffSummary.__init__() missing 1 required positional argument: 'team_id'
Traceback (most recent call last):
  File "/Users/akshatporwal/Documents/projects/NBA_ML/collect_nba_api_data.py", line 460, in call_endpoint
    response = endpoint_cls(**request_params)
TypeError: TeamPlayerOnOffSummary.__init__() missing 1 required positional argument: 'team_id'
Traceback (most recent call last):
  File "/Users/akshatporwal/Documents/projects/NBA_ML/collect_nba_api_data.py", line 460, in call_endpoint
    response = endpoint_cls(**request_params)
TypeError: TeamPlayerOnOffSummary.__init__() missing 1 required positional argument: 'team_id'
Traceback (most recent call last):
  File "/Users/akshatporwal/Documents/projects/NBA_ML/collect_nba_api_data.py", line 460, in call_endpoint
    response = endpoint_cls(**request_params)
TypeError: TeamPlayerOnOffSummary.__init__() missing 1 required positional argument: 'team_id'
Traceback (most recent call last):
  File "/Users/akshatporwal/Documents/projects/NBA_ML/collect_nba_api_data.py", line 460, in call_endpoint
    response = endpoint_cls(**request_params)
TypeError: TeamPlayerOnOffSummary.__init__() missing 1 required positional argument: 'team_id'
Traceback (most recent call last):
  File "/Users/akshatporwal/Documents/projects/NBA_ML/collect_nba_api_data.py", line 460, in call_endpoint
    response = endpoint_cls(**request_params)
TypeError: TeamPlayerOnOffSummary.__init__() missing 1 required positional argument: 'team_id'
Traceback (most recent call last):
  File "/Users/akshatporwal/Documents/projects/NBA_ML/collect_nba_api_data.py", line 460, in call_endpoint
    response = endpoint_cls(**request_params)
TypeError: TeamPlayerOnOffSummary.__init__() missing 1 required positional argument: 'team_id'
Traceback (most recent call last):
  File "/Users/akshatporwal/Documents/projects/NBA_ML/collect_nba_api_data.py", line 460, in call_endpoint
    response = endpoint_cls(**request_params)
TypeError: TeamPlayerOnOffSummary.__init__() missing 1 required positional argument: 'team_id'
Traceback (most recent call last):
  File "/Users/akshatporwal/Documents/projects/NBA_ML/collect_nba_api_data.py", line 460, in call_endpoint
    response = endpoint_cls(**request_params)
  File "/Users/akshatporwal/Documents/projects/NBA_ML/.venv/lib/python3.14/site-packages/nba_api/stats/endpoints/playercareerstats.py", line 315, in __init__
    self.get_request()
    ~~~~~~~~~~~~~~~~^^
  File "/Users/akshatporwal/Documents/projects/NBA_ML/.venv/lib/python3.14/site-packages/nba_api/stats/endpoints/playercareerstats.py", line 325, in get_request
    self.load_response()
    ~~~~~~~~~~~~~~~~~~^^
  File "/Users/akshatporwal/Documents/projects/NBA_ML/.venv/lib/python3.14/site-packages/nba_api/stats/endpoints/playercareerstats.py", line 328, in load_response
    data_sets = self.nba_response.get_data_sets()
  File "/Users/akshatporwal/Documents/projects/NBA_ML/.venv/lib/python3.14/site-packages/nba_api/stats/library/http.py", line 104, in get_data_sets
    results = raw_dict["resultSet"]
              ~~~~~~~~^^^^^^^^^^^^^
KeyError: 'resultSet'
Traceback (most recent call last):
  File "/Users/akshatporwal/Documents/projects/NBA_ML/collect_nba_api_data.py", line 460, in call_endpoint
    response = endpoint_cls(**request_params)
TypeError: TeamPlayerOnOffSummary.__init__() missing 1 required positional argument: 'team_id'
Traceback (most recent call last):
  File "/Users/akshatporwal/Documents/projects/NBA_ML/collect_nba_api_data.py", line 460, in call_endpoint
    response = endpoint_cls(**request_params)
TypeError: TeamPlayerOnOffSummary.__init__() missing 1 required positional argument: 'team_id'
Traceback (most recent call last):
  File "/Users/akshatporwal/Documents/projects/NBA_ML/collect_nba_api_data.py", line 460, in call_endpoint
    response = endpoint_cls(**request_params)
TypeError: TeamPlayerOnOffSummary.__init__() missing 1 required positional argument: 'team_id'
Traceback (most recent call last):
  File "/Users/akshatporwal/Documents/projects/NBA_ML/collect_nba_api_data.py", line 460, in call_endpoint
    response = endpoint_cls(**request_params)
TypeError: TeamPlayerOnOffSummary.__init__() missing 1 required positional argument: 'team_id'
Traceback (most recent call last):
  File "/Users/akshatporwal/Documents/projects/NBA_ML/collect_nba_api_data.py", line 460, in call_endpoint
    response = endpoint_cls(**request_params)
TypeError: TeamPlayerOnOffSummary.__init__() missing 1 required positional argument: 'team_id'
Traceback (most recent call last):
  File "/Users/akshatporwal/Documents/projects/NBA_ML/collect_nba_api_data.py", line 460, in call_endpoint
    response = endpoint_cls(**request_params)
TypeError: TeamPlayerOnOffSummary.__init__() missing 1 required positional argument: 'team_id'
Traceback (most recent call last):
  File "/Users/akshatporwal/Documents/projects/NBA_ML/collect_nba_api_data.py", line 460, in call_endpoint
    response = endpoint_cls(**request_params)
TypeError: TeamPlayerOnOffSummary.__init__() missing 1 required positional argument: 'team_id'
Traceback (most recent call last):
  File "/Users/akshatporwal/Documents/projects/NBA_ML/collect_nba_api_data.py", line 460, in call_endpoint
    response = endpoint_cls(**request_params)
TypeError: TeamPlayerOnOffSummary.__init__() missing 1 required positional argument: 'team_id'
Traceback (most recent call last):
  File "/Users/akshatporwal/Documents/projects/NBA_ML/collect_nba_api_data.py", line 460, in call_endpoint
    response = endpoint_cls(**request_params)
TypeError: TeamPlayerOnOffSummary.__init__() missing 1 required positional argument: 'team_id'
Traceback (most recent call last):
  File "/Users/akshatporwal/Documents/projects/NBA_ML/collect_nba_api_data.py", line 460, in call_endpoint
    response = endpoint_cls(**request_params)
TypeError: TeamPlayerOnOffSummary.__init__() missing 1 required positional argument: 'team_id'
Traceback (most recent call last):
  File "/Users/akshatporwal/Documents/projects/NBA_ML/collect_nba_api_data.py", line 460, in call_endpoint
    response = endpoint_cls(**request_params)
  File "/Users/akshatporwal/Documents/projects/NBA_ML/.venv/lib/python3.14/site-packages/nba_api/stats/endpoints/playercareerstats.py", line 315, in __init__
    self.get_request()
    ~~~~~~~~~~~~~~~~^^
  File "/Users/akshatporwal/Documents/projects/NBA_ML/.venv/lib/python3.14/site-packages/nba_api/stats/endpoints/playercareerstats.py", line 325, in get_request
    self.load_response()
    ~~~~~~~~~~~~~~~~~~^^
  File "/Users/akshatporwal/Documents/projects/NBA_ML/.venv/lib/python3.14/site-packages/nba_api/stats/endpoints/playercareerstats.py", line 328, in load_response
    data_sets = self.nba_response.get_data_sets()
  File "/Users/akshatporwal/Documents/projects/NBA_ML/.venv/lib/python3.14/site-packages/nba_api/stats/library/http.py", line 104, in get_data_sets
    results = raw_dict["resultSet"]
              ~~~~~~~~^^^^^^^^^^^^^
KeyError: 'resultSet'
Traceback (most recent call last):
  File "/Users/akshatporwal/Documents/projects/NBA_ML/collect_nba_api_data.py", line 460, in call_endpoint
    response = endpoint_cls(**request_params)
TypeError: TeamPlayerOnOffSummary.__init__() missing 1 required positional argument: 'team_id'
Traceback (most recent call last):
  File "/Users/akshatporwal/Documents/projects/NBA_ML/collect_nba_api_data.py", line 460, in call_endpoint
    response = endpoint_cls(**request_params)
TypeError: TeamPlayerOnOffSummary.__init__() missing 1 required positional argument: 'team_id'
Traceback (most recent call last):
  File "/Users/akshatporwal/Documents/projects/NBA_ML/collect_nba_api_data.py", line 460, in call_endpoint
    response = endpoint_cls(**request_params)
TypeError: TeamPlayerOnOffSummary.__init__() missing 1 required positional argument: 'team_id'
Traceback (most recent call last):
  File "/Users/akshatporwal/Documents/projects/NBA_ML/collect_nba_api_data.py", line 460, in call_endpoint
    response = endpoint_cls(**request_params)
TypeError: TeamPlayerOnOffSummary.__init__() missing 1 required positional argument: 'team_id'
Traceback (most recent call last):
  File "/Users/akshatporwal/Documents/projects/NBA_ML/collect_nba_api_data.py", line 460, in call_endpoint
    response = endpoint_cls(**request_params)
TypeError: TeamPlayerOnOffSummary.__init__() missing 1 required positional argument: 'team_id'
Traceback (most recent call last):
  File "/Users/akshatporwal/Documents/projects/NBA_ML/collect_nba_api_data.py", line 460, in call_endpoint
    response = endpoint_cls(**request_params)
TypeError: TeamPlayerOnOffSummary.__init__() missing 1 required positional argument: 'team_id'
Traceback (most recent call last):
  File "/Users/akshatporwal/Documents/projects/NBA_ML/collect_nba_api_data.py", line 460, in call_endpoint
    response = endpoint_cls(**request_params)
TypeError: TeamPlayerOnOffSummary.__init__() missing 1 required positional argument: 'team_id'
Traceback (most recent call last):
  File "/Users/akshatporwal/Documents/projects/NBA_ML/collect_nba_api_data.py", line 460, in call_endpoint
    response = endpoint_cls(**request_params)
TypeError: TeamPlayerOnOffSummary.__init__() missing 1 required positional argument: 'team_id'
Traceback (most recent call last):
  File "/Users/akshatporwal/Documents/projects/NBA_ML/collect_nba_api_data.py", line 460, in call_endpoint
    response = endpoint_cls(**request_params)
TypeError: TeamPlayerOnOffSummary.__init__() missing 1 required positional argument: 'team_id'
Traceback (most recent call last):
  File "/Users/akshatporwal/Documents/projects/NBA_ML/collect_nba_api_data.py", line 460, in call_endpoint
    response = endpoint_cls(**request_params)
TypeError: TeamPlayerOnOffSummary.__init__() missing 1 required positional argument: 'team_id'
Traceback (most recent call last):
  File "/Users/akshatporwal/Documents/projects/NBA_ML/collect_nba_api_data.py", line 460, in call_endpoint
    response = endpoint_cls(**request_params)
TypeError: TeamPlayerOnOffSummary.__init__() missing 1 required positional argument: 'team_id'
Traceback (most recent call last):
  File "/Users/akshatporwal/Documents/projects/NBA_ML/.venv/lib/python3.14/site-packages/urllib3/connectionpool.py", line 534, in _make_request
    response = conn.getresponse()
  File "/Users/akshatporwal/Documents/projects/NBA_ML/.venv/lib/python3.14/site-packages/urllib3/connection.py", line 571, in getresponse
    httplib_response = super().getresponse()
  File "/opt/homebrew/Cellar/python@3.14/3.14.0/Frameworks/Python.framework/Versions/3.14/lib/python3.14/http/client.py", line 1430, in getresponse
    response.begin()
    ~~~~~~~~~~~~~~^^
  File "/opt/homebrew/Cellar/python@3.14/3.14.0/Frameworks/Python.framework/Versions/3.14/lib/python3.14/http/client.py", line 331, in begin
    version, status, reason = self._read_status()
                              ~~~~~~~~~~~~~~~~~^^
  File "/opt/homebrew/Cellar/python@3.14/3.14.0/Frameworks/Python.framework/Versions/3.14/lib/python3.14/http/client.py", line 292, in _read_status
    line = str(self.fp.readline(_MAXLINE + 1), "iso-8859-1")
               ~~~~~~~~~~~~~~~~^^^^^^^^^^^^^^
  File "/opt/homebrew/Cellar/python@3.14/3.14.0/Frameworks/Python.framework/Versions/3.14/lib/python3.14/socket.py", line 725, in readinto
    return self._sock.recv_into(b)
           ~~~~~~~~~~~~~~~~~~~~^^^
  File "/opt/homebrew/Cellar/python@3.14/3.14.0/Frameworks/Python.framework/Versions/3.14/lib/python3.14/ssl.py", line 1304, in recv_into
    return self.read(nbytes, buffer)
           ~~~~~~~~~^^^^^^^^^^^^^^^^
  File "/opt/homebrew/Cellar/python@3.14/3.14.0/Frameworks/Python.framework/Versions/3.14/lib/python3.14/ssl.py", line 1138, in read
    return self._sslobj.read(len, buffer)
           ~~~~~~~~~~~~~~~~~^^^^^^^^^^^^^
TimeoutError: The read operation timed out

The above exception was the direct cause of the following exception:

Traceback (most recent call last):
  File "/Users/akshatporwal/Documents/projects/NBA_ML/.venv/lib/python3.14/site-packages/requests/adapters.py", line 644, in send
    resp = conn.urlopen(
        method=request.method,
    ...<9 lines>...
        chunked=chunked,
    )
  File "/Users/akshatporwal/Documents/projects/NBA_ML/.venv/lib/python3.14/site-packages/urllib3/connectionpool.py", line 841, in urlopen
    retries = retries.increment(
        method, url, error=new_e, _pool=self, _stacktrace=sys.exc_info()[2]
    )
  File "/Users/akshatporwal/Documents/projects/NBA_ML/.venv/lib/python3.14/site-packages/urllib3/util/retry.py", line 490, in increment
    raise reraise(type(error), error, _stacktrace)
          ~~~~~~~^^^^^^^^^^^^^^^^^^^^^^^^^^^^^^^^^
  File "/Users/akshatporwal/Documents/projects/NBA_ML/.venv/lib/python3.14/site-packages/urllib3/util/util.py", line 39, in reraise
    raise value
  File "/Users/akshatporwal/Documents/projects/NBA_ML/.venv/lib/python3.14/site-packages/urllib3/connectionpool.py", line 787, in urlopen
    response = self._make_request(
        conn,
    ...<10 lines>...
        **response_kw,
    )
  File "/Users/akshatporwal/Documents/projects/NBA_ML/.venv/lib/python3.14/site-packages/urllib3/connectionpool.py", line 536, in _make_request
    self._raise_timeout(err=e, url=url, timeout_value=read_timeout)
    ~~~~~~~~~~~~~~~~~~~^^^^^^^^^^^^^^^^^^^^^^^^^^^^^^^^^^^^^^^^^^^^
  File "/Users/akshatporwal/Documents/projects/NBA_ML/.venv/lib/python3.14/site-packages/urllib3/connectionpool.py", line 367, in _raise_timeout
    raise ReadTimeoutError(
        self, url, f"Read timed out. (read timeout={timeout_value})"
    ) from err
urllib3.exceptions.ReadTimeoutError: HTTPSConnectionPool(host='stats.nba.com', port=443): Read timed out. (read timeout=45)

During handling of the above exception, another exception occurred:

Traceback (most recent call last):
  File "/Users/akshatporwal/Documents/projects/NBA_ML/collect_nba_api_data.py", line 460, in call_endpoint
    response = endpoint_cls(**request_params)
  File "/Users/akshatporwal/Documents/projects/NBA_ML/.venv/lib/python3.14/site-packages/nba_api/stats/endpoints/shotchartdetail.py", line 152, in __init__
    self.get_request()
    ~~~~~~~~~~~~~~~~^^
  File "/Users/akshatporwal/Documents/projects/NBA_ML/.venv/lib/python3.14/site-packages/nba_api/stats/endpoints/shotchartdetail.py", line 155, in get_request
    self.nba_response = NBAStatsHTTP().send_api_request(
                        ~~~~~~~~~~~~~~~~~~~~~~~~~~~~~~~^
        endpoint=self.endpoint,
        ^^^^^^^^^^^^^^^^^^^^^^^
    ...<3 lines>...
        timeout=self.timeout,
        ^^^^^^^^^^^^^^^^^^^^^
    )
    ^
  File "/Users/akshatporwal/Documents/projects/NBA_ML/.venv/lib/python3.14/site-packages/nba_api/library/http.py", line 160, in send_api_request
    response = self.get_session().get(
        url=base_url,
    ...<3 lines>...
        timeout=timeout,
    )
  File "/Users/akshatporwal/Documents/projects/NBA_ML/.venv/lib/python3.14/site-packages/requests/sessions.py", line 602, in get
    return self.request("GET", url, **kwargs)
           ~~~~~~~~~~~~^^^^^^^^^^^^^^^^^^^^^^
  File "/Users/akshatporwal/Documents/projects/NBA_ML/.venv/lib/python3.14/site-packages/requests/sessions.py", line 589, in request
    resp = self.send(prep, **send_kwargs)
  File "/Users/akshatporwal/Documents/projects/NBA_ML/.venv/lib/python3.14/site-packages/requests/sessions.py", line 703, in send
    r = adapter.send(request, **kwargs)
  File "/Users/akshatporwal/Documents/projects/NBA_ML/.venv/lib/python3.14/site-packages/requests/adapters.py", line 690, in send
    raise ReadTimeout(e, request=request)
requests.exceptions.ReadTimeout: HTTPSConnectionPool(host='stats.nba.com', port=443): Read timed out. (read timeout=45)
Traceback (most recent call last):
  File "/Users/akshatporwal/Documents/projects/NBA_ML/collect_nba_api_data.py", line 460, in call_endpoint
    response = endpoint_cls(**request_params)
TypeError: TeamPlayerOnOffSummary.__init__() missing 1 required positional argument: 'team_id'
Traceback (most recent call last):
  File "/Users/akshatporwal/Documents/projects/NBA_ML/collect_nba_api_data.py", line 460, in call_endpoint
    response = endpoint_cls(**request_params)
TypeError: TeamPlayerOnOffSummary.__init__() missing 1 required positional argument: 'team_id'
Traceback (most recent call last):
  File "/Users/akshatporwal/Documents/projects/NBA_ML/collect_nba_api_data.py", line 460, in call_endpoint
    response = endpoint_cls(**request_params)
TypeError: TeamPlayerOnOffSummary.__init__() missing 1 required positional argument: 'team_id'
Traceback (most recent call last):
  File "/Users/akshatporwal/Documents/projects/NBA_ML/collect_nba_api_data.py", line 460, in call_endpoint
    response = endpoint_cls(**request_params)
TypeError: TeamPlayerOnOffSummary.__init__() missing 1 required positional argument: 'team_id'
Traceback (most recent call last):
  File "/Users/akshatporwal/Documents/projects/NBA_ML/collect_nba_api_data.py", line 460, in call_endpoint
    response = endpoint_cls(**request_params)
TypeError: TeamPlayerOnOffSummary.__init__() missing 1 required positional argument: 'team_id'
Traceback (most recent call last):
  File "/Users/akshatporwal/Documents/projects/NBA_ML/collect_nba_api_data.py", line 460, in call_endpoint
    response = endpoint_cls(**request_params)
TypeError: TeamPlayerOnOffSummary.__init__() missing 1 required positional argument: 'team_id'
Traceback (most recent call last):
  File "/Users/akshatporwal/Documents/projects/NBA_ML/collect_nba_api_data.py", line 460, in call_endpoint
    response = endpoint_cls(**request_params)
TypeError: TeamPlayerOnOffSummary.__init__() missing 1 required positional argument: 'team_id'
Traceback (most recent call last):
  File "/Users/akshatporwal/Documents/projects/NBA_ML/collect_nba_api_data.py", line 460, in call_endpoint
    response = endpoint_cls(**request_params)
TypeError: TeamPlayerOnOffSummary.__init__() missing 1 required positional argument: 'team_id'
Traceback (most recent call last):
  File "/Users/akshatporwal/Documents/projects/NBA_ML/collect_nba_api_data.py", line 460, in call_endpoint
    response = endpoint_cls(**request_params)
TypeError: TeamPlayerOnOffSummary.__init__() missing 1 required positional argument: 'team_id'
Traceback (most recent call last):
  File "/Users/akshatporwal/Documents/projects/NBA_ML/collect_nba_api_data.py", line 460, in call_endpoint
    response = endpoint_cls(**request_params)
TypeError: TeamPlayerOnOffSummary.__init__() missing 1 required positional argument: 'team_id'
Traceback (most recent call last):
  File "/Users/akshatporwal/Documents/projects/NBA_ML/.venv/lib/python3.14/site-packages/urllib3/connectionpool.py", line 534, in _make_request
    response = conn.getresponse()
  File "/Users/akshatporwal/Documents/projects/NBA_ML/.venv/lib/python3.14/site-packages/urllib3/connection.py", line 571, in getresponse
    httplib_response = super().getresponse()
  File "/opt/homebrew/Cellar/python@3.14/3.14.0/Frameworks/Python.framework/Versions/3.14/lib/python3.14/http/client.py", line 1430, in getresponse
    response.begin()
    ~~~~~~~~~~~~~~^^
  File "/opt/homebrew/Cellar/python@3.14/3.14.0/Frameworks/Python.framework/Versions/3.14/lib/python3.14/http/client.py", line 331, in begin
    version, status, reason = self._read_status()
                              ~~~~~~~~~~~~~~~~~^^
  File "/opt/homebrew/Cellar/python@3.14/3.14.0/Frameworks/Python.framework/Versions/3.14/lib/python3.14/http/client.py", line 292, in _read_status
    line = str(self.fp.readline(_MAXLINE + 1), "iso-8859-1")
               ~~~~~~~~~~~~~~~~^^^^^^^^^^^^^^
  File "/opt/homebrew/Cellar/python@3.14/3.14.0/Frameworks/Python.framework/Versions/3.14/lib/python3.14/socket.py", line 725, in readinto
    return self._sock.recv_into(b)
           ~~~~~~~~~~~~~~~~~~~~^^^
  File "/opt/homebrew/Cellar/python@3.14/3.14.0/Frameworks/Python.framework/Versions/3.14/lib/python3.14/ssl.py", line 1304, in recv_into
    return self.read(nbytes, buffer)
           ~~~~~~~~~^^^^^^^^^^^^^^^^
  File "/opt/homebrew/Cellar/python@3.14/3.14.0/Frameworks/Python.framework/Versions/3.14/lib/python3.14/ssl.py", line 1138, in read
    return self._sslobj.read(len, buffer)
           ~~~~~~~~~~~~~~~~~^^^^^^^^^^^^^
TimeoutError: The read operation timed out

The above exception was the direct cause of the following exception:

Traceback (most recent call last):
  File "/Users/akshatporwal/Documents/projects/NBA_ML/.venv/lib/python3.14/site-packages/requests/adapters.py", line 644, in send
    resp = conn.urlopen(
        method=request.method,
    ...<9 lines>...
        chunked=chunked,
    )
  File "/Users/akshatporwal/Documents/projects/NBA_ML/.venv/lib/python3.14/site-packages/urllib3/connectionpool.py", line 841, in urlopen
    retries = retries.increment(
        method, url, error=new_e, _pool=self, _stacktrace=sys.exc_info()[2]
    )
  File "/Users/akshatporwal/Documents/projects/NBA_ML/.venv/lib/python3.14/site-packages/urllib3/util/retry.py", line 490, in increment
    raise reraise(type(error), error, _stacktrace)
          ~~~~~~~^^^^^^^^^^^^^^^^^^^^^^^^^^^^^^^^^
  File "/Users/akshatporwal/Documents/projects/NBA_ML/.venv/lib/python3.14/site-packages/urllib3/util/util.py", line 39, in reraise
    raise value
  File "/Users/akshatporwal/Documents/projects/NBA_ML/.venv/lib/python3.14/site-packages/urllib3/connectionpool.py", line 787, in urlopen
    response = self._make_request(
        conn,
    ...<10 lines>...
        **response_kw,
    )
  File "/Users/akshatporwal/Documents/projects/NBA_ML/.venv/lib/python3.14/site-packages/urllib3/connectionpool.py", line 536, in _make_request
    self._raise_timeout(err=e, url=url, timeout_value=read_timeout)
    ~~~~~~~~~~~~~~~~~~~^^^^^^^^^^^^^^^^^^^^^^^^^^^^^^^^^^^^^^^^^^^^
  File "/Users/akshatporwal/Documents/projects/NBA_ML/.venv/lib/python3.14/site-packages/urllib3/connectionpool.py", line 367, in _raise_timeout
    raise ReadTimeoutError(
        self, url, f"Read timed out. (read timeout={timeout_value})"
    ) from err
urllib3.exceptions.ReadTimeoutError: HTTPSConnectionPool(host='stats.nba.com', port=443): Read timed out. (read timeout=45)

During handling of the above exception, another exception occurred:

Traceback (most recent call last):
  File "/Users/akshatporwal/Documents/projects/NBA_ML/collect_nba_api_data.py", line 460, in call_endpoint
    response = endpoint_cls(**request_params)
  File "/Users/akshatporwal/Documents/projects/NBA_ML/.venv/lib/python3.14/site-packages/nba_api/stats/endpoints/shotchartdetail.py", line 152, in __init__
    self.get_request()
    ~~~~~~~~~~~~~~~~^^
  File "/Users/akshatporwal/Documents/projects/NBA_ML/.venv/lib/python3.14/site-packages/nba_api/stats/endpoints/shotchartdetail.py", line 155, in get_request
    self.nba_response = NBAStatsHTTP().send_api_request(
                        ~~~~~~~~~~~~~~~~~~~~~~~~~~~~~~~^
        endpoint=self.endpoint,
        ^^^^^^^^^^^^^^^^^^^^^^^
    ...<3 lines>...
        timeout=self.timeout,
        ^^^^^^^^^^^^^^^^^^^^^
    )
    ^
  File "/Users/akshatporwal/Documents/projects/NBA_ML/.venv/lib/python3.14/site-packages/nba_api/library/http.py", line 160, in send_api_request
    response = self.get_session().get(
        url=base_url,
    ...<3 lines>...
        timeout=timeout,
    )
  File "/Users/akshatporwal/Documents/projects/NBA_ML/.venv/lib/python3.14/site-packages/requests/sessions.py", line 602, in get
    return self.request("GET", url, **kwargs)
           ~~~~~~~~~~~~^^^^^^^^^^^^^^^^^^^^^^
  File "/Users/akshatporwal/Documents/projects/NBA_ML/.venv/lib/python3.14/site-packages/requests/sessions.py", line 589, in request
    resp = self.send(prep, **send_kwargs)
  File "/Users/akshatporwal/Documents/projects/NBA_ML/.venv/lib/python3.14/site-packages/requests/sessions.py", line 703, in send
    r = adapter.send(request, **kwargs)
  File "/Users/akshatporwal/Documents/projects/NBA_ML/.venv/lib/python3.14/site-packages/requests/adapters.py", line 690, in send
    raise ReadTimeout(e, request=request)
requests.exceptions.ReadTimeout: HTTPSConnectionPool(host='stats.nba.com', port=443): Read timed out. (read timeout=45)
Traceback (most recent call last):
  File "/Users/akshatporwal/Documents/projects/NBA_ML/collect_nba_api_data.py", line 460, in call_endpoint
    response = endpoint_cls(**request_params)
TypeError: TeamPlayerOnOffSummary.__init__() missing 1 required positional argument: 'team_id'
Traceback (most recent call last):
  File "/Users/akshatporwal/Documents/projects/NBA_ML/collect_nba_api_data.py", line 460, in call_endpoint
    response = endpoint_cls(**request_params)
TypeError: TeamPlayerOnOffSummary.__init__() missing 1 required positional argument: 'team_id'
Traceback (most recent call last):
  File "/Users/akshatporwal/Documents/projects/NBA_ML/collect_nba_api_data.py", line 460, in call_endpoint
    response = endpoint_cls(**request_params)
TypeError: TeamPlayerOnOffSummary.__init__() missing 1 required positional argument: 'team_id'
Traceback (most recent call last):
  File "/Users/akshatporwal/Documents/projects/NBA_ML/collect_nba_api_data.py", line 460, in call_endpoint
    response = endpoint_cls(**request_params)
TypeError: TeamPlayerOnOffSummary.__init__() missing 1 required positional argument: 'team_id'
Traceback (most recent call last):
  File "/Users/akshatporwal/Documents/projects/NBA_ML/collect_nba_api_data.py", line 460, in call_endpoint
    response = endpoint_cls(**request_params)
TypeError: TeamPlayerOnOffSummary.__init__() missing 1 required positional argument: 'team_id'
Traceback (most recent call last):
  File "/Users/akshatporwal/Documents/projects/NBA_ML/collect_nba_api_data.py", line 460, in call_endpoint
    response = endpoint_cls(**request_params)
TypeError: TeamPlayerOnOffSummary.__init__() missing 1 required positional argument: 'team_id'
Traceback (most recent call last):
  File "/Users/akshatporwal/Documents/projects/NBA_ML/collect_nba_api_data.py", line 460, in call_endpoint
    response = endpoint_cls(**request_params)
  File "/Users/akshatporwal/Documents/projects/NBA_ML/.venv/lib/python3.14/site-packages/nba_api/stats/endpoints/playercareerstats.py", line 315, in __init__
    self.get_request()
    ~~~~~~~~~~~~~~~~^^
  File "/Users/akshatporwal/Documents/projects/NBA_ML/.venv/lib/python3.14/site-packages/nba_api/stats/endpoints/playercareerstats.py", line 325, in get_request
    self.load_response()
    ~~~~~~~~~~~~~~~~~~^^
  File "/Users/akshatporwal/Documents/projects/NBA_ML/.venv/lib/python3.14/site-packages/nba_api/stats/endpoints/playercareerstats.py", line 328, in load_response
    data_sets = self.nba_response.get_data_sets()
  File "/Users/akshatporwal/Documents/projects/NBA_ML/.venv/lib/python3.14/site-packages/nba_api/stats/library/http.py", line 104, in get_data_sets
    results = raw_dict["resultSet"]
              ~~~~~~~~^^^^^^^^^^^^^
KeyError: 'resultSet'
Traceback (most recent call last):
  File "/Users/akshatporwal/Documents/projects/NBA_ML/collect_nba_api_data.py", line 460, in call_endpoint
    response = endpoint_cls(**request_params)
TypeError: TeamPlayerOnOffSummary.__init__() missing 1 required positional argument: 'team_id'
Traceback (most recent call last):
  File "/Users/akshatporwal/Documents/projects/NBA_ML/collect_nba_api_data.py", line 460, in call_endpoint
    response = endpoint_cls(**request_params)
TypeError: TeamPlayerOnOffSummary.__init__() missing 1 required positional argument: 'team_id'
Traceback (most recent call last):
  File "/Users/akshatporwal/Documents/projects/NBA_ML/collect_nba_api_data.py", line 460, in call_endpoint
    response = endpoint_cls(**request_params)
TypeError: TeamPlayerOnOffSummary.__init__() missing 1 required positional argument: 'team_id'
Traceback (most recent call last):
  File "/Users/akshatporwal/Documents/projects/NBA_ML/collect_nba_api_data.py", line 460, in call_endpoint
    response = endpoint_cls(**request_params)
TypeError: TeamPlayerOnOffSummary.__init__() missing 1 required positional argument: 'team_id'
Traceback (most recent call last):
  File "/Users/akshatporwal/Documents/projects/NBA_ML/collect_nba_api_data.py", line 460, in call_endpoint
    response = endpoint_cls(**request_params)
TypeError: TeamPlayerOnOffSummary.__init__() missing 1 required positional argument: 'team_id'
Traceback (most recent call last):
  File "/Users/akshatporwal/Documents/projects/NBA_ML/collect_nba_api_data.py", line 460, in call_endpoint
    response = endpoint_cls(**request_params)
TypeError: TeamPlayerOnOffSummary.__init__() missing 1 required positional argument: 'team_id'
Traceback (most recent call last):
  File "/Users/akshatporwal/Documents/projects/NBA_ML/collect_nba_api_data.py", line 460, in call_endpoint
    response = endpoint_cls(**request_params)
TypeError: TeamPlayerOnOffSummary.__init__() missing 1 required positional argument: 'team_id'
Traceback (most recent call last):
  File "/Users/akshatporwal/Documents/projects/NBA_ML/collect_nba_api_data.py", line 460, in call_endpoint
    response = endpoint_cls(**request_params)
TypeError: TeamPlayerOnOffSummary.__init__() missing 1 required positional argument: 'team_id'
Traceback (most recent call last):
  File "/Users/akshatporwal/Documents/projects/NBA_ML/collect_nba_api_data.py", line 460, in call_endpoint
    response = endpoint_cls(**request_params)
TypeError: TeamPlayerOnOffSummary.__init__() missing 1 required positional argument: 'team_id'
Traceback (most recent call last):
  File "/Users/akshatporwal/Documents/projects/NBA_ML/collect_nba_api_data.py", line 460, in call_endpoint
    response = endpoint_cls(**request_params)
TypeError: TeamPlayerOnOffSummary.__init__() missing 1 required positional argument: 'team_id'
Traceback (most recent call last):
  File "/Users/akshatporwal/Documents/projects/NBA_ML/collect_nba_api_data.py", line 460, in call_endpoint
    response = endpoint_cls(**request_params)
  File "/Users/akshatporwal/Documents/projects/NBA_ML/.venv/lib/python3.14/site-packages/nba_api/stats/endpoints/playercareerstats.py", line 315, in __init__
    self.get_request()
    ~~~~~~~~~~~~~~~~^^
  File "/Users/akshatporwal/Documents/projects/NBA_ML/.venv/lib/python3.14/site-packages/nba_api/stats/endpoints/playercareerstats.py", line 325, in get_request
    self.load_response()
    ~~~~~~~~~~~~~~~~~~^^
  File "/Users/akshatporwal/Documents/projects/NBA_ML/.venv/lib/python3.14/site-packages/nba_api/stats/endpoints/playercareerstats.py", line 328, in load_response
    data_sets = self.nba_response.get_data_sets()
  File "/Users/akshatporwal/Documents/projects/NBA_ML/.venv/lib/python3.14/site-packages/nba_api/stats/library/http.py", line 104, in get_data_sets
    results = raw_dict["resultSet"]
              ~~~~~~~~^^^^^^^^^^^^^
KeyError: 'resultSet'
Traceback (most recent call last):
  File "/Users/akshatporwal/Documents/projects/NBA_ML/collect_nba_api_data.py", line 460, in call_endpoint
    response = endpoint_cls(**request_params)
TypeError: TeamPlayerOnOffSummary.__init__() missing 1 required positional argument: 'team_id'
Traceback (most recent call last):
  File "/Users/akshatporwal/Documents/projects/NBA_ML/collect_nba_api_data.py", line 460, in call_endpoint
    response = endpoint_cls(**request_params)
TypeError: TeamPlayerOnOffSummary.__init__() missing 1 required positional argument: 'team_id'
Traceback (most recent call last):
  File "/Users/akshatporwal/Documents/projects/NBA_ML/collect_nba_api_data.py", line 460, in call_endpoint
    response = endpoint_cls(**request_params)
TypeError: TeamPlayerOnOffSummary.__init__() missing 1 required positional argument: 'team_id'
Traceback (most recent call last):
  File "/Users/akshatporwal/Documents/projects/NBA_ML/collect_nba_api_data.py", line 460, in call_endpoint
    response = endpoint_cls(**request_params)
TypeError: TeamPlayerOnOffSummary.__init__() missing 1 required positional argument: 'team_id'
Traceback (most recent call last):
  File "/Users/akshatporwal/Documents/projects/NBA_ML/collect_nba_api_data.py", line 460, in call_endpoint
    response = endpoint_cls(**request_params)
TypeError: TeamPlayerOnOffSummary.__init__() missing 1 required positional argument: 'team_id'
Traceback (most recent call last):
  File "/Users/akshatporwal/Documents/projects/NBA_ML/collect_nba_api_data.py", line 460, in call_endpoint
    response = endpoint_cls(**request_params)
TypeError: TeamPlayerOnOffSummary.__init__() missing 1 required positional argument: 'team_id'
Traceback (most recent call last):
  File "/Users/akshatporwal/Documents/projects/NBA_ML/collect_nba_api_data.py", line 460, in call_endpoint
    response = endpoint_cls(**request_params)
TypeError: TeamPlayerOnOffSummary.__init__() missing 1 required positional argument: 'team_id'
Traceback (most recent call last):
  File "/Users/akshatporwal/Documents/projects/NBA_ML/collect_nba_api_data.py", line 460, in call_endpoint
    response = endpoint_cls(**request_params)
TypeError: TeamPlayerOnOffSummary.__init__() missing 1 required positional argument: 'team_id'
Traceback (most recent call last):
  File "/Users/akshatporwal/Documents/projects/NBA_ML/collect_nba_api_data.py", line 460, in call_endpoint
    response = endpoint_cls(**request_params)
TypeError: TeamPlayerOnOffSummary.__init__() missing 1 required positional argument: 'team_id'
Traceback (most recent call last):
  File "/Users/akshatporwal/Documents/projects/NBA_ML/collect_nba_api_data.py", line 460, in call_endpoint
    response = endpoint_cls(**request_params)
TypeError: TeamPlayerOnOffSummary.__init__() missing 1 required positional argument: 'team_id'
Traceback (most recent call last):
  File "/Users/akshatporwal/Documents/projects/NBA_ML/collect_nba_api_data.py", line 460, in call_endpoint
    response = endpoint_cls(**request_params)
TypeError: TeamPlayerOnOffSummary.__init__() missing 1 required positional argument: 'team_id'
Traceback (most recent call last):
  File "/Users/akshatporwal/Documents/projects/NBA_ML/collect_nba_api_data.py", line 460, in call_endpoint
    response = endpoint_cls(**request_params)
TypeError: TeamPlayerOnOffSummary.__init__() missing 1 required positional argument: 'team_id'
Traceback (most recent call last):
  File "/Users/akshatporwal/Documents/projects/NBA_ML/collect_nba_api_data.py", line 460, in call_endpoint
    response = endpoint_cls(**request_params)
TypeError: TeamPlayerOnOffSummary.__init__() missing 1 required positional argument: 'team_id'
Traceback (most recent call last):
  File "/Users/akshatporwal/Documents/projects/NBA_ML/collect_nba_api_data.py", line 460, in call_endpoint
    response = endpoint_cls(**request_params)
TypeError: TeamPlayerOnOffSummary.__init__() missing 1 required positional argument: 'team_id'
Traceback (most recent call last):
  File "/Users/akshatporwal/Documents/projects/NBA_ML/collect_nba_api_data.py", line 460, in call_endpoint
    response = endpoint_cls(**request_params)
TypeError: TeamPlayerOnOffSummary.__init__() missing 1 required positional argument: 'team_id'
Traceback (most recent call last):
  File "/Users/akshatporwal/Documents/projects/NBA_ML/collect_nba_api_data.py", line 460, in call_endpoint
    response = endpoint_cls(**request_params)
TypeError: TeamPlayerOnOffSummary.__init__() missing 1 required positional argument: 'team_id'
Traceback (most recent call last):
  File "/Users/akshatporwal/Documents/projects/NBA_ML/collect_nba_api_data.py", line 460, in call_endpoint
    response = endpoint_cls(**request_params)
TypeError: TeamPlayerOnOffSummary.__init__() missing 1 required positional argument: 'team_id'
Traceback (most recent call last):
  File "/Users/akshatporwal/Documents/projects/NBA_ML/collect_nba_api_data.py", line 460, in call_endpoint
    response = endpoint_cls(**request_params)
TypeError: TeamPlayerOnOffSummary.__init__() missing 1 required positional argument: 'team_id'
Traceback (most recent call last):
  File "/Users/akshatporwal/Documents/projects/NBA_ML/collect_nba_api_data.py", line 460, in call_endpoint
    response = endpoint_cls(**request_params)
TypeError: TeamPlayerOnOffSummary.__init__() missing 1 required positional argument: 'team_id'
Traceback (most recent call last):
  File "/Users/akshatporwal/Documents/projects/NBA_ML/collect_nba_api_data.py", line 460, in call_endpoint
    response = endpoint_cls(**request_params)
TypeError: TeamPlayerOnOffSummary.__init__() missing 1 required positional argument: 'team_id'
Traceback (most recent call last):
  File "/Users/akshatporwal/Documents/projects/NBA_ML/collect_nba_api_data.py", line 460, in call_endpoint
    response = endpoint_cls(**request_params)
TypeError: TeamPlayerOnOffSummary.__init__() missing 1 required positional argument: 'team_id'
Traceback (most recent call last):
  File "/Users/akshatporwal/Documents/projects/NBA_ML/collect_nba_api_data.py", line 460, in call_endpoint
    response = endpoint_cls(**request_params)
TypeError: TeamPlayerOnOffSummary.__init__() missing 1 required positional argument: 'team_id'
Traceback (most recent call last):
  File "/Users/akshatporwal/Documents/projects/NBA_ML/collect_nba_api_data.py", line 460, in call_endpoint
    response = endpoint_cls(**request_params)
TypeError: TeamPlayerOnOffSummary.__init__() missing 1 required positional argument: 'team_id'
Traceback (most recent call last):
  File "/Users/akshatporwal/Documents/projects/NBA_ML/collect_nba_api_data.py", line 460, in call_endpoint
    response = endpoint_cls(**request_params)
TypeError: TeamPlayerOnOffSummary.__init__() missing 1 required positional argument: 'team_id'
Traceback (most recent call last):
  File "/Users/akshatporwal/Documents/projects/NBA_ML/collect_nba_api_data.py", line 460, in call_endpoint
    response = endpoint_cls(**request_params)
TypeError: TeamPlayerOnOffSummary.__init__() missing 1 required positional argument: 'team_id'
Traceback (most recent call last):
  File "/Users/akshatporwal/Documents/projects/NBA_ML/collect_nba_api_data.py", line 460, in call_endpoint
    response = endpoint_cls(**request_params)
TypeError: TeamPlayerOnOffSummary.__init__() missing 1 required positional argument: 'team_id'
Traceback (most recent call last):
  File "/Users/akshatporwal/Documents/projects/NBA_ML/collect_nba_api_data.py", line 460, in call_endpoint
    response = endpoint_cls(**request_params)
TypeError: TeamPlayerOnOffSummary.__init__() missing 1 required positional argument: 'team_id'
Traceback (most recent call last):
  File "/Users/akshatporwal/Documents/projects/NBA_ML/collect_nba_api_data.py", line 460, in call_endpoint
    response = endpoint_cls(**request_params)
TypeError: TeamPlayerOnOffSummary.__init__() missing 1 required positional argument: 'team_id'
Traceback (most recent call last):
  File "/Users/akshatporwal/Documents/projects/NBA_ML/collect_nba_api_data.py", line 460, in call_endpoint
    response = endpoint_cls(**request_params)
TypeError: TeamPlayerOnOffSummary.__init__() missing 1 required positional argument: 'team_id'
Traceback (most recent call last):
  File "/Users/akshatporwal/Documents/projects/NBA_ML/collect_nba_api_data.py", line 460, in call_endpoint
    response = endpoint_cls(**request_params)
TypeError: TeamPlayerOnOffSummary.__init__() missing 1 required positional argument: 'team_id'
Traceback (most recent call last):
  File "/Users/akshatporwal/Documents/projects/NBA_ML/collect_nba_api_data.py", line 460, in call_endpoint
    response = endpoint_cls(**request_params)
TypeError: TeamPlayerOnOffSummary.__init__() missing 1 required positional argument: 'team_id'
Traceback (most recent call last):
  File "/Users/akshatporwal/Documents/projects/NBA_ML/collect_nba_api_data.py", line 460, in call_endpoint
    response = endpoint_cls(**request_params)
TypeError: TeamPlayerOnOffSummary.__init__() missing 1 required positional argument: 'team_id'
Traceback (most recent call last):
  File "/Users/akshatporwal/Documents/projects/NBA_ML/collect_nba_api_data.py", line 460, in call_endpoint
    response = endpoint_cls(**request_params)
TypeError: TeamPlayerOnOffSummary.__init__() missing 1 required positional argument: 'team_id'
Traceback (most recent call last):
  File "/Users/akshatporwal/Documents/projects/NBA_ML/collect_nba_api_data.py", line 460, in call_endpoint
    response = endpoint_cls(**request_params)
TypeError: TeamPlayerOnOffSummary.__init__() missing 1 required positional argument: 'team_id'
Traceback (most recent call last):
  File "/Users/akshatporwal/Documents/projects/NBA_ML/collect_nba_api_data.py", line 460, in call_endpoint
    response = endpoint_cls(**request_params)
TypeError: TeamPlayerOnOffSummary.__init__() missing 1 required positional argument: 'team_id'
Traceback (most recent call last):
  File "/Users/akshatporwal/Documents/projects/NBA_ML/collect_nba_api_data.py", line 460, in call_endpoint
    response = endpoint_cls(**request_params)
TypeError: TeamPlayerOnOffSummary.__init__() missing 1 required positional argument: 'team_id'
Traceback (most recent call last):
  File "/Users/akshatporwal/Documents/projects/NBA_ML/collect_nba_api_data.py", line 460, in call_endpoint
    response = endpoint_cls(**request_params)
TypeError: TeamPlayerOnOffSummary.__init__() missing 1 required positional argument: 'team_id'
Traceback (most recent call last):
  File "/Users/akshatporwal/Documents/projects/NBA_ML/collect_nba_api_data.py", line 460, in call_endpoint
    response = endpoint_cls(**request_params)
TypeError: TeamPlayerOnOffSummary.__init__() missing 1 required positional argument: 'team_id'
Traceback (most recent call last):
  File "/Users/akshatporwal/Documents/projects/NBA_ML/collect_nba_api_data.py", line 460, in call_endpoint
    response = endpoint_cls(**request_params)
TypeError: TeamPlayerOnOffSummary.__init__() missing 1 required positional argument: 'team_id'
Traceback (most recent call last):
  File "/Users/akshatporwal/Documents/projects/NBA_ML/collect_nba_api_data.py", line 460, in call_endpoint
    response = endpoint_cls(**request_params)
TypeError: TeamPlayerOnOffSummary.__init__() missing 1 required positional argument: 'team_id'
Traceback (most recent call last):
  File "/Users/akshatporwal/Documents/projects/NBA_ML/collect_nba_api_data.py", line 460, in call_endpoint
    response = endpoint_cls(**request_params)
TypeError: TeamPlayerOnOffSummary.__init__() missing 1 required positional argument: 'team_id'
Traceback (most recent call last):
  File "/Users/akshatporwal/Documents/projects/NBA_ML/collect_nba_api_data.py", line 460, in call_endpoint
    response = endpoint_cls(**request_params)
TypeError: TeamPlayerOnOffSummary.__init__() missing 1 required positional argument: 'team_id'
Traceback (most recent call last):
  File "/Users/akshatporwal/Documents/projects/NBA_ML/collect_nba_api_data.py", line 460, in call_endpoint
    response = endpoint_cls(**request_params)
TypeError: TeamPlayerOnOffSummary.__init__() missing 1 required positional argument: 'team_id'
Traceback (most recent call last):
  File "/Users/akshatporwal/Documents/projects/NBA_ML/collect_nba_api_data.py", line 460, in call_endpoint
    response = endpoint_cls(**request_params)
TypeError: TeamPlayerOnOffSummary.__init__() missing 1 required positional argument: 'team_id'
Traceback (most recent call last):
  File "/Users/akshatporwal/Documents/projects/NBA_ML/collect_nba_api_data.py", line 460, in call_endpoint
    response = endpoint_cls(**request_params)
TypeError: TeamPlayerOnOffSummary.__init__() missing 1 required positional argument: 'team_id'
Traceback (most recent call last):
  File "/Users/akshatporwal/Documents/projects/NBA_ML/collect_nba_api_data.py", line 460, in call_endpoint
    response = endpoint_cls(**request_params)
  File "/Users/akshatporwal/Documents/projects/NBA_ML/.venv/lib/python3.14/site-packages/nba_api/stats/endpoints/playercareerstats.py", line 315, in __init__
    self.get_request()
    ~~~~~~~~~~~~~~~~^^
  File "/Users/akshatporwal/Documents/projects/NBA_ML/.venv/lib/python3.14/site-packages/nba_api/stats/endpoints/playercareerstats.py", line 325, in get_request
    self.load_response()
    ~~~~~~~~~~~~~~~~~~^^
  File "/Users/akshatporwal/Documents/projects/NBA_ML/.venv/lib/python3.14/site-packages/nba_api/stats/endpoints/playercareerstats.py", line 328, in load_response
    data_sets = self.nba_response.get_data_sets()
  File "/Users/akshatporwal/Documents/projects/NBA_ML/.venv/lib/python3.14/site-packages/nba_api/stats/library/http.py", line 104, in get_data_sets
    results = raw_dict["resultSet"]
              ~~~~~~~~^^^^^^^^^^^^^
KeyError: 'resultSet'
Traceback (most recent call last):
  File "/Users/akshatporwal/Documents/projects/NBA_ML/collect_nba_api_data.py", line 460, in call_endpoint
    response = endpoint_cls(**request_params)
TypeError: TeamPlayerOnOffSummary.__init__() missing 1 required positional argument: 'team_id'
Traceback (most recent call last):
  File "/Users/akshatporwal/Documents/projects/NBA_ML/collect_nba_api_data.py", line 460, in call_endpoint
    response = endpoint_cls(**request_params)
TypeError: TeamPlayerOnOffSummary.__init__() missing 1 required positional argument: 'team_id'
Traceback (most recent call last):
  File "/Users/akshatporwal/Documents/projects/NBA_ML/collect_nba_api_data.py", line 460, in call_endpoint
    response = endpoint_cls(**request_params)
TypeError: TeamPlayerOnOffSummary.__init__() missing 1 required positional argument: 'team_id'
Traceback (most recent call last):
  File "/Users/akshatporwal/Documents/projects/NBA_ML/collect_nba_api_data.py", line 460, in call_endpoint
    response = endpoint_cls(**request_params)
TypeError: TeamPlayerOnOffSummary.__init__() missing 1 required positional argument: 'team_id'
Traceback (most recent call last):
  File "/Users/akshatporwal/Documents/projects/NBA_ML/collect_nba_api_data.py", line 460, in call_endpoint
    response = endpoint_cls(**request_params)
TypeError: TeamPlayerOnOffSummary.__init__() missing 1 required positional argument: 'team_id'
Traceback (most recent call last):
  File "/Users/akshatporwal/Documents/projects/NBA_ML/collect_nba_api_data.py", line 460, in call_endpoint
    response = endpoint_cls(**request_params)
TypeError: TeamPlayerOnOffSummary.__init__() missing 1 required positional argument: 'team_id'
Traceback (most recent call last):
  File "/Users/akshatporwal/Documents/projects/NBA_ML/collect_nba_api_data.py", line 460, in call_endpoint
    response = endpoint_cls(**request_params)
TypeError: TeamPlayerOnOffSummary.__init__() missing 1 required positional argument: 'team_id'
Traceback (most recent call last):
  File "/Users/akshatporwal/Documents/projects/NBA_ML/collect_nba_api_data.py", line 460, in call_endpoint
    response = endpoint_cls(**request_params)
TypeError: TeamPlayerOnOffSummary.__init__() missing 1 required positional argument: 'team_id'
Traceback (most recent call last):
  File "/Users/akshatporwal/Documents/projects/NBA_ML/collect_nba_api_data.py", line 460, in call_endpoint
    response = endpoint_cls(**request_params)
TypeError: TeamPlayerOnOffSummary.__init__() missing 1 required positional argument: 'team_id'
Traceback (most recent call last):
  File "/Users/akshatporwal/Documents/projects/NBA_ML/collect_nba_api_data.py", line 460, in call_endpoint
    response = endpoint_cls(**request_params)
TypeError: TeamPlayerOnOffSummary.__init__() missing 1 required positional argument: 'team_id'
Traceback (most recent call last):
  File "/Users/akshatporwal/Documents/projects/NBA_ML/collect_nba_api_data.py", line 460, in call_endpoint
    response = endpoint_cls(**request_params)
TypeError: TeamPlayerOnOffSummary.__init__() missing 1 required positional argument: 'team_id'
Traceback (most recent call last):
  File "/Users/akshatporwal/Documents/projects/NBA_ML/collect_nba_api_data.py", line 460, in call_endpoint
    response = endpoint_cls(**request_params)
TypeError: TeamPlayerOnOffSummary.__init__() missing 1 required positional argument: 'team_id'
Traceback (most recent call last):
  File "/Users/akshatporwal/Documents/projects/NBA_ML/collect_nba_api_data.py", line 460, in call_endpoint
    response = endpoint_cls(**request_params)
TypeError: TeamPlayerOnOffSummary.__init__() missing 1 required positional argument: 'team_id'
Traceback (most recent call last):
  File "/Users/akshatporwal/Documents/projects/NBA_ML/collect_nba_api_data.py", line 460, in call_endpoint
    response = endpoint_cls(**request_params)
TypeError: TeamPlayerOnOffSummary.__init__() missing 1 required positional argument: 'team_id'
Traceback (most recent call last):
  File "/Users/akshatporwal/Documents/projects/NBA_ML/collect_nba_api_data.py", line 460, in call_endpoint
    response = endpoint_cls(**request_params)
TypeError: TeamPlayerOnOffSummary.__init__() missing 1 required positional argument: 'team_id'
Traceback (most recent call last):
  File "/Users/akshatporwal/Documents/projects/NBA_ML/collect_nba_api_data.py", line 460, in call_endpoint
    response = endpoint_cls(**request_params)
TypeError: TeamPlayerOnOffSummary.__init__() missing 1 required positional argument: 'team_id'
Traceback (most recent call last):
  File "/Users/akshatporwal/Documents/projects/NBA_ML/collect_nba_api_data.py", line 460, in call_endpoint
    response = endpoint_cls(**request_params)
TypeError: TeamPlayerOnOffSummary.__init__() missing 1 required positional argument: 'team_id'
Traceback (most recent call last):
  File "/Users/akshatporwal/Documents/projects/NBA_ML/collect_nba_api_data.py", line 460, in call_endpoint
    response = endpoint_cls(**request_params)
TypeError: TeamPlayerOnOffSummary.__init__() missing 1 required positional argument: 'team_id'
Traceback (most recent call last):
  File "/Users/akshatporwal/Documents/projects/NBA_ML/collect_nba_api_data.py", line 460, in call_endpoint
    response = endpoint_cls(**request_params)
TypeError: TeamPlayerOnOffSummary.__init__() missing 1 required positional argument: 'team_id'
Traceback (most recent call last):
  File "/Users/akshatporwal/Documents/projects/NBA_ML/collect_nba_api_data.py", line 460, in call_endpoint
    response = endpoint_cls(**request_params)
TypeError: TeamPlayerOnOffSummary.__init__() missing 1 required positional argument: 'team_id'
Traceback (most recent call last):
  File "/Users/akshatporwal/Documents/projects/NBA_ML/collect_nba_api_data.py", line 460, in call_endpoint
    response = endpoint_cls(**request_params)
TypeError: TeamPlayerOnOffSummary.__init__() missing 1 required positional argument: 'team_id'
Traceback (most recent call last):
  File "/Users/akshatporwal/Documents/projects/NBA_ML/collect_nba_api_data.py", line 460, in call_endpoint
    response = endpoint_cls(**request_params)
TypeError: TeamPlayerOnOffSummary.__init__() missing 1 required positional argument: 'team_id'
Traceback (most recent call last):
  File "/Users/akshatporwal/Documents/projects/NBA_ML/collect_nba_api_data.py", line 460, in call_endpoint
    response = endpoint_cls(**request_params)
TypeError: TeamPlayerOnOffSummary.__init__() missing 1 required positional argument: 'team_id'
Traceback (most recent call last):
  File "/Users/akshatporwal/Documents/projects/NBA_ML/collect_nba_api_data.py", line 460, in call_endpoint
    response = endpoint_cls(**request_params)
TypeError: TeamPlayerOnOffSummary.__init__() missing 1 required positional argument: 'team_id'
Traceback (most recent call last):
  File "/Users/akshatporwal/Documents/projects/NBA_ML/collect_nba_api_data.py", line 460, in call_endpoint
    response = endpoint_cls(**request_params)
TypeError: TeamPlayerOnOffSummary.__init__() missing 1 required positional argument: 'team_id'
Traceback (most recent call last):
  File "/Users/akshatporwal/Documents/projects/NBA_ML/collect_nba_api_data.py", line 460, in call_endpoint
    response = endpoint_cls(**request_params)
  File "/Users/akshatporwal/Documents/projects/NBA_ML/.venv/lib/python3.14/site-packages/nba_api/stats/endpoints/playercareerstats.py", line 315, in __init__
    self.get_request()
    ~~~~~~~~~~~~~~~~^^
  File "/Users/akshatporwal/Documents/projects/NBA_ML/.venv/lib/python3.14/site-packages/nba_api/stats/endpoints/playercareerstats.py", line 325, in get_request
    self.load_response()
    ~~~~~~~~~~~~~~~~~~^^
  File "/Users/akshatporwal/Documents/projects/NBA_ML/.venv/lib/python3.14/site-packages/nba_api/stats/endpoints/playercareerstats.py", line 328, in load_response
    data_sets = self.nba_response.get_data_sets()
  File "/Users/akshatporwal/Documents/projects/NBA_ML/.venv/lib/python3.14/site-packages/nba_api/stats/library/http.py", line 104, in get_data_sets
    results = raw_dict["resultSet"]
              ~~~~~~~~^^^^^^^^^^^^^
KeyError: 'resultSet'
Traceback (most recent call last):
  File "/Users/akshatporwal/Documents/projects/NBA_ML/collect_nba_api_data.py", line 460, in call_endpoint
    response = endpoint_cls(**request_params)
TypeError: TeamPlayerOnOffSummary.__init__() missing 1 required positional argument: 'team_id'
Traceback (most recent call last):
  File "/Users/akshatporwal/Documents/projects/NBA_ML/collect_nba_api_data.py", line 460, in call_endpoint
    response = endpoint_cls(**request_params)
TypeError: TeamPlayerOnOffSummary.__init__() missing 1 required positional argument: 'team_id'
Traceback (most recent call last):
  File "/Users/akshatporwal/Documents/projects/NBA_ML/collect_nba_api_data.py", line 460, in call_endpoint
    response = endpoint_cls(**request_params)
TypeError: TeamPlayerOnOffSummary.__init__() missing 1 required positional argument: 'team_id'
Traceback (most recent call last):
  File "/Users/akshatporwal/Documents/projects/NBA_ML/collect_nba_api_data.py", line 460, in call_endpoint
    response = endpoint_cls(**request_params)
TypeError: TeamPlayerOnOffSummary.__init__() missing 1 required positional argument: 'team_id'
Traceback (most recent call last):
  File "/Users/akshatporwal/Documents/projects/NBA_ML/collect_nba_api_data.py", line 460, in call_endpoint
    response = endpoint_cls(**request_params)
TypeError: TeamPlayerOnOffSummary.__init__() missing 1 required positional argument: 'team_id'
Traceback (most recent call last):
  File "/Users/akshatporwal/Documents/projects/NBA_ML/collect_nba_api_data.py", line 460, in call_endpoint
    response = endpoint_cls(**request_params)
TypeError: TeamPlayerOnOffSummary.__init__() missing 1 required positional argument: 'team_id'
Traceback (most recent call last):
  File "/Users/akshatporwal/Documents/projects/NBA_ML/collect_nba_api_data.py", line 460, in call_endpoint
    response = endpoint_cls(**request_params)
TypeError: TeamPlayerOnOffSummary.__init__() missing 1 required positional argument: 'team_id'
Traceback (most recent call last):
  File "/Users/akshatporwal/Documents/projects/NBA_ML/collect_nba_api_data.py", line 460, in call_endpoint
    response = endpoint_cls(**request_params)
TypeError: TeamPlayerOnOffSummary.__init__() missing 1 required positional argument: 'team_id'
Traceback (most recent call last):
  File "/Users/akshatporwal/Documents/projects/NBA_ML/collect_nba_api_data.py", line 460, in call_endpoint
    response = endpoint_cls(**request_params)
TypeError: TeamPlayerOnOffSummary.__init__() missing 1 required positional argument: 'team_id'
Traceback (most recent call last):
  File "/Users/akshatporwal/Documents/projects/NBA_ML/collect_nba_api_data.py", line 460, in call_endpoint
    response = endpoint_cls(**request_params)
TypeError: TeamPlayerOnOffSummary.__init__() missing 1 required positional argument: 'team_id'
Traceback (most recent call last):
  File "/Users/akshatporwal/Documents/projects/NBA_ML/collect_nba_api_data.py", line 460, in call_endpoint
    response = endpoint_cls(**request_params)
TypeError: TeamPlayerOnOffSummary.__init__() missing 1 required positional argument: 'team_id'
Traceback (most recent call last):
  File "/Users/akshatporwal/Documents/projects/NBA_ML/collect_nba_api_data.py", line 460, in call_endpoint
    response = endpoint_cls(**request_params)
TypeError: TeamPlayerOnOffSummary.__init__() missing 1 required positional argument: 'team_id'
Traceback (most recent call last):
  File "/Users/akshatporwal/Documents/projects/NBA_ML/collect_nba_api_data.py", line 460, in call_endpoint
    response = endpoint_cls(**request_params)
TypeError: TeamPlayerOnOffSummary.__init__() missing 1 required positional argument: 'team_id'
Traceback (most recent call last):
  File "/Users/akshatporwal/Documents/projects/NBA_ML/collect_nba_api_data.py", line 460, in call_endpoint
    response = endpoint_cls(**request_params)
TypeError: TeamPlayerOnOffSummary.__init__() missing 1 required positional argument: 'team_id'
Traceback (most recent call last):
  File "/Users/akshatporwal/Documents/projects/NBA_ML/collect_nba_api_data.py", line 460, in call_endpoint
    response = endpoint_cls(**request_params)
TypeError: TeamPlayerOnOffSummary.__init__() missing 1 required positional argument: 'team_id'
Traceback (most recent call last):
  File "/Users/akshatporwal/Documents/projects/NBA_ML/collect_nba_api_data.py", line 460, in call_endpoint
    response = endpoint_cls(**request_params)
TypeError: TeamPlayerOnOffSummary.__init__() missing 1 required positional argument: 'team_id'
Traceback (most recent call last):
  File "/Users/akshatporwal/Documents/projects/NBA_ML/collect_nba_api_data.py", line 460, in call_endpoint
    response = endpoint_cls(**request_params)
TypeError: TeamPlayerOnOffSummary.__init__() missing 1 required positional argument: 'team_id'
Traceback (most recent call last):
  File "/Users/akshatporwal/Documents/projects/NBA_ML/collect_nba_api_data.py", line 460, in call_endpoint
    response = endpoint_cls(**request_params)
TypeError: TeamPlayerOnOffSummary.__init__() missing 1 required positional argument: 'team_id'
Traceback (most recent call last):
  File "/Users/akshatporwal/Documents/projects/NBA_ML/collect_nba_api_data.py", line 460, in call_endpoint
    response = endpoint_cls(**request_params)
TypeError: TeamPlayerOnOffSummary.__init__() missing 1 required positional argument: 'team_id'
Traceback (most recent call last):
  File "/Users/akshatporwal/Documents/projects/NBA_ML/collect_nba_api_data.py", line 460, in call_endpoint
    response = endpoint_cls(**request_params)
TypeError: TeamPlayerOnOffSummary.__init__() missing 1 required positional argument: 'team_id'
Traceback (most recent call last):
  File "/Users/akshatporwal/Documents/projects/NBA_ML/collect_nba_api_data.py", line 460, in call_endpoint
    response = endpoint_cls(**request_params)
TypeError: TeamPlayerOnOffSummary.__init__() missing 1 required positional argument: 'team_id'
Traceback (most recent call last):
  File "/Users/akshatporwal/Documents/projects/NBA_ML/collect_nba_api_data.py", line 460, in call_endpoint
    response = endpoint_cls(**request_params)
  File "/Users/akshatporwal/Documents/projects/NBA_ML/.venv/lib/python3.14/site-packages/nba_api/stats/endpoints/playercareerstats.py", line 315, in __init__
    self.get_request()
    ~~~~~~~~~~~~~~~~^^
  File "/Users/akshatporwal/Documents/projects/NBA_ML/.venv/lib/python3.14/site-packages/nba_api/stats/endpoints/playercareerstats.py", line 325, in get_request
    self.load_response()
    ~~~~~~~~~~~~~~~~~~^^
  File "/Users/akshatporwal/Documents/projects/NBA_ML/.venv/lib/python3.14/site-packages/nba_api/stats/endpoints/playercareerstats.py", line 328, in load_response
    data_sets = self.nba_response.get_data_sets()
  File "/Users/akshatporwal/Documents/projects/NBA_ML/.venv/lib/python3.14/site-packages/nba_api/stats/library/http.py", line 104, in get_data_sets
    results = raw_dict["resultSet"]
              ~~~~~~~~^^^^^^^^^^^^^
KeyError: 'resultSet'
Traceback (most recent call last):
  File "/Users/akshatporwal/Documents/projects/NBA_ML/collect_nba_api_data.py", line 460, in call_endpoint
    response = endpoint_cls(**request_params)
TypeError: TeamPlayerOnOffSummary.__init__() missing 1 required positional argument: 'team_id'
Traceback (most recent call last):
  File "/Users/akshatporwal/Documents/projects/NBA_ML/collect_nba_api_data.py", line 460, in call_endpoint
    response = endpoint_cls(**request_params)
TypeError: TeamPlayerOnOffSummary.__init__() missing 1 required positional argument: 'team_id'
Traceback (most recent call last):
  File "/Users/akshatporwal/Documents/projects/NBA_ML/collect_nba_api_data.py", line 460, in call_endpoint
    response = endpoint_cls(**request_params)
TypeError: TeamPlayerOnOffSummary.__init__() missing 1 required positional argument: 'team_id'
Traceback (most recent call last):
  File "/Users/akshatporwal/Documents/projects/NBA_ML/collect_nba_api_data.py", line 460, in call_endpoint
    response = endpoint_cls(**request_params)
TypeError: TeamPlayerOnOffSummary.__init__() missing 1 required positional argument: 'team_id'
Traceback (most recent call last):
  File "/Users/akshatporwal/Documents/projects/NBA_ML/collect_nba_api_data.py", line 460, in call_endpoint
    response = endpoint_cls(**request_params)
TypeError: TeamPlayerOnOffSummary.__init__() missing 1 required positional argument: 'team_id'
Traceback (most recent call last):
  File "/Users/akshatporwal/Documents/projects/NBA_ML/collect_nba_api_data.py", line 460, in call_endpoint
    response = endpoint_cls(**request_params)
TypeError: TeamPlayerOnOffSummary.__init__() missing 1 required positional argument: 'team_id'
Traceback (most recent call last):
  File "/Users/akshatporwal/Documents/projects/NBA_ML/collect_nba_api_data.py", line 460, in call_endpoint
    response = endpoint_cls(**request_params)
TypeError: TeamPlayerOnOffSummary.__init__() missing 1 required positional argument: 'team_id'
Traceback (most recent call last):
  File "/Users/akshatporwal/Documents/projects/NBA_ML/collect_nba_api_data.py", line 460, in call_endpoint
    response = endpoint_cls(**request_params)
TypeError: TeamPlayerOnOffSummary.__init__() missing 1 required positional argument: 'team_id'
Traceback (most recent call last):
  File "/Users/akshatporwal/Documents/projects/NBA_ML/collect_nba_api_data.py", line 460, in call_endpoint
    response = endpoint_cls(**request_params)
TypeError: TeamPlayerOnOffSummary.__init__() missing 1 required positional argument: 'team_id'
Traceback (most recent call last):
  File "/Users/akshatporwal/Documents/projects/NBA_ML/collect_nba_api_data.py", line 460, in call_endpoint
    response = endpoint_cls(**request_params)
TypeError: TeamPlayerOnOffSummary.__init__() missing 1 required positional argument: 'team_id'
Traceback (most recent call last):
  File "/Users/akshatporwal/Documents/projects/NBA_ML/collect_nba_api_data.py", line 460, in call_endpoint
    response = endpoint_cls(**request_params)
TypeError: TeamPlayerOnOffSummary.__init__() missing 1 required positional argument: 'team_id'
Traceback (most recent call last):
  File "/Users/akshatporwal/Documents/projects/NBA_ML/collect_nba_api_data.py", line 460, in call_endpoint
    response = endpoint_cls(**request_params)
TypeError: TeamPlayerOnOffSummary.__init__() missing 1 required positional argument: 'team_id'
Traceback (most recent call last):
  File "/Users/akshatporwal/Documents/projects/NBA_ML/collect_nba_api_data.py", line 460, in call_endpoint
    response = endpoint_cls(**request_params)
TypeError: TeamPlayerOnOffSummary.__init__() missing 1 required positional argument: 'team_id'
Traceback (most recent call last):
  File "/Users/akshatporwal/Documents/projects/NBA_ML/collect_nba_api_data.py", line 460, in call_endpoint
    response = endpoint_cls(**request_params)
TypeError: TeamPlayerOnOffSummary.__init__() missing 1 required positional argument: 'team_id'
Traceback (most recent call last):
  File "/Users/akshatporwal/Documents/projects/NBA_ML/collect_nba_api_data.py", line 460, in call_endpoint
    response = endpoint_cls(**request_params)
TypeError: TeamPlayerOnOffSummary.__init__() missing 1 required positional argument: 'team_id'
Traceback (most recent call last):
  File "/Users/akshatporwal/Documents/projects/NBA_ML/collect_nba_api_data.py", line 460, in call_endpoint
    response = endpoint_cls(**request_params)
TypeError: TeamPlayerOnOffSummary.__init__() missing 1 required positional argument: 'team_id'
Traceback (most recent call last):
  File "/Users/akshatporwal/Documents/projects/NBA_ML/collect_nba_api_data.py", line 460, in call_endpoint
    response = endpoint_cls(**request_params)
TypeError: TeamPlayerOnOffSummary.__init__() missing 1 required positional argument: 'team_id'
Traceback (most recent call last):
  File "/Users/akshatporwal/Documents/projects/NBA_ML/collect_nba_api_data.py", line 460, in call_endpoint
    response = endpoint_cls(**request_params)
TypeError: TeamPlayerOnOffSummary.__init__() missing 1 required positional argument: 'team_id'
Traceback (most recent call last):
  File "/Users/akshatporwal/Documents/projects/NBA_ML/collect_nba_api_data.py", line 460, in call_endpoint
    response = endpoint_cls(**request_params)
TypeError: TeamPlayerOnOffSummary.__init__() missing 1 required positional argument: 'team_id'
Traceback (most recent call last):
  File "/Users/akshatporwal/Documents/projects/NBA_ML/collect_nba_api_data.py", line 460, in call_endpoint
    response = endpoint_cls(**request_params)
TypeError: TeamPlayerOnOffSummary.__init__() missing 1 required positional argument: 'team_id'
Traceback (most recent call last):
  File "/Users/akshatporwal/Documents/projects/NBA_ML/collect_nba_api_data.py", line 460, in call_endpoint
    response = endpoint_cls(**request_params)
TypeError: TeamPlayerOnOffSummary.__init__() missing 1 required positional argument: 'team_id'
Traceback (most recent call last):
  File "/Users/akshatporwal/Documents/projects/NBA_ML/collect_nba_api_data.py", line 460, in call_endpoint
    response = endpoint_cls(**request_params)
TypeError: TeamPlayerOnOffSummary.__init__() missing 1 required positional argument: 'team_id'
Traceback (most recent call last):
  File "/Users/akshatporwal/Documents/projects/NBA_ML/collect_nba_api_data.py", line 460, in call_endpoint
    response = endpoint_cls(**request_params)
TypeError: TeamPlayerOnOffSummary.__init__() missing 1 required positional argument: 'team_id'
Traceback (most recent call last):
  File "/Users/akshatporwal/Documents/projects/NBA_ML/collect_nba_api_data.py", line 460, in call_endpoint
    response = endpoint_cls(**request_params)
  File "/Users/akshatporwal/Documents/projects/NBA_ML/.venv/lib/python3.14/site-packages/nba_api/stats/endpoints/shotchartdetail.py", line 152, in __init__
    self.get_request()
    ~~~~~~~~~~~~~~~~^^
  File "/Users/akshatporwal/Documents/projects/NBA_ML/.venv/lib/python3.14/site-packages/nba_api/stats/endpoints/shotchartdetail.py", line 162, in get_request
    self.load_response()
    ~~~~~~~~~~~~~~~~~~^^
  File "/Users/akshatporwal/Documents/projects/NBA_ML/.venv/lib/python3.14/site-packages/nba_api/stats/endpoints/shotchartdetail.py", line 165, in load_response
    data_sets = self.nba_response.get_data_sets()
  File "/Users/akshatporwal/Documents/projects/NBA_ML/.venv/lib/python3.14/site-packages/nba_api/stats/library/http.py", line 97, in get_data_sets
    raw_dict = self.get_dict()
  File "/Users/akshatporwal/Documents/projects/NBA_ML/.venv/lib/python3.14/site-packages/nba_api/library/http.py", line 42, in get_dict
    return json.loads(self._response)
           ~~~~~~~~~~^^^^^^^^^^^^^^^^
  File "/opt/homebrew/Cellar/python@3.14/3.14.0/Frameworks/Python.framework/Versions/3.14/lib/python3.14/json/__init__.py", line 346, in loads
    return _default_decoder.decode(s)
           ~~~~~~~~~~~~~~~~~~~~~~~^^^
  File "/opt/homebrew/Cellar/python@3.14/3.14.0/Frameworks/Python.framework/Versions/3.14/lib/python3.14/json/decoder.py", line 345, in decode
    obj, end = self.raw_decode(s, idx=_w(s, 0).end())
               ~~~~~~~~~~~~~~~^^^^^^^^^^^^^^^^^^^^^^^
  File "/opt/homebrew/Cellar/python@3.14/3.14.0/Frameworks/Python.framework/Versions/3.14/lib/python3.14/json/decoder.py", line 363, in raw_decode
    raise JSONDecodeError("Expecting value", s, err.value) from None
json.decoder.JSONDecodeError: Expecting value: line 1 column 1 (char 0)
Traceback (most recent call last):
  File "/Users/akshatporwal/Documents/projects/NBA_ML/collect_nba_api_data.py", line 460, in call_endpoint
    response = endpoint_cls(**request_params)
TypeError: TeamPlayerOnOffSummary.__init__() missing 1 required positional argument: 'team_id'
Traceback (most recent call last):
  File "/Users/akshatporwal/Documents/projects/NBA_ML/collect_nba_api_data.py", line 460, in call_endpoint
    response = endpoint_cls(**request_params)
TypeError: TeamPlayerOnOffSummary.__init__() missing 1 required positional argument: 'team_id'
Traceback (most recent call last):
  File "/Users/akshatporwal/Documents/projects/NBA_ML/collect_nba_api_data.py", line 460, in call_endpoint
    response = endpoint_cls(**request_params)
TypeError: TeamPlayerOnOffSummary.__init__() missing 1 required positional argument: 'team_id'
Traceback (most recent call last):
  File "/Users/akshatporwal/Documents/projects/NBA_ML/collect_nba_api_data.py", line 460, in call_endpoint
    response = endpoint_cls(**request_params)
TypeError: TeamPlayerOnOffSummary.__init__() missing 1 required positional argument: 'team_id'
Traceback (most recent call last):
  File "/Users/akshatporwal/Documents/projects/NBA_ML/collect_nba_api_data.py", line 460, in call_endpoint
    response = endpoint_cls(**request_params)
TypeError: TeamPlayerOnOffSummary.__init__() missing 1 required positional argument: 'team_id'
Traceback (most recent call last):
  File "/Users/akshatporwal/Documents/projects/NBA_ML/collect_nba_api_data.py", line 460, in call_endpoint
    response = endpoint_cls(**request_params)
TypeError: TeamPlayerOnOffSummary.__init__() missing 1 required positional argument: 'team_id'
Traceback (most recent call last):
  File "/Users/akshatporwal/Documents/projects/NBA_ML/collect_nba_api_data.py", line 460, in call_endpoint
    response = endpoint_cls(**request_params)
TypeError: TeamPlayerOnOffSummary.__init__() missing 1 required positional argument: 'team_id'
Traceback (most recent call last):
  File "/Users/akshatporwal/Documents/projects/NBA_ML/collect_nba_api_data.py", line 460, in call_endpoint
    response = endpoint_cls(**request_params)
TypeError: TeamPlayerOnOffSummary.__init__() missing 1 required positional argument: 'team_id'
Traceback (most recent call last):
  File "/Users/akshatporwal/Documents/projects/NBA_ML/collect_nba_api_data.py", line 460, in call_endpoint
    response = endpoint_cls(**request_params)
TypeError: TeamPlayerOnOffSummary.__init__() missing 1 required positional argument: 'team_id'
Traceback (most recent call last):
  File "/Users/akshatporwal/Documents/projects/NBA_ML/collect_nba_api_data.py", line 460, in call_endpoint
    response = endpoint_cls(**request_params)
TypeError: TeamPlayerOnOffSummary.__init__() missing 1 required positional argument: 'team_id'
Traceback (most recent call last):
  File "/Users/akshatporwal/Documents/projects/NBA_ML/collect_nba_api_data.py", line 460, in call_endpoint
    response = endpoint_cls(**request_params)
TypeError: TeamPlayerOnOffSummary.__init__() missing 1 required positional argument: 'team_id'
Traceback (most recent call last):
  File "/Users/akshatporwal/Documents/projects/NBA_ML/collect_nba_api_data.py", line 460, in call_endpoint
    response = endpoint_cls(**request_params)
TypeError: TeamPlayerOnOffSummary.__init__() missing 1 required positional argument: 'team_id'
Traceback (most recent call last):
  File "/Users/akshatporwal/Documents/projects/NBA_ML/collect_nba_api_data.py", line 460, in call_endpoint
    response = endpoint_cls(**request_params)
TypeError: TeamPlayerOnOffSummary.__init__() missing 1 required positional argument: 'team_id'
Traceback (most recent call last):
  File "/Users/akshatporwal/Documents/projects/NBA_ML/collect_nba_api_data.py", line 460, in call_endpoint
    response = endpoint_cls(**request_params)
TypeError: TeamPlayerOnOffSummary.__init__() missing 1 required positional argument: 'team_id'
Traceback (most recent call last):
  File "/Users/akshatporwal/Documents/projects/NBA_ML/collect_nba_api_data.py", line 460, in call_endpoint
    response = endpoint_cls(**request_params)
TypeError: TeamPlayerOnOffSummary.__init__() missing 1 required positional argument: 'team_id'
Traceback (most recent call last):
  File "/Users/akshatporwal/Documents/projects/NBA_ML/collect_nba_api_data.py", line 460, in call_endpoint
    response = endpoint_cls(**request_params)
TypeError: TeamPlayerOnOffSummary.__init__() missing 1 required positional argument: 'team_id'
Traceback (most recent call last):
  File "/Users/akshatporwal/Documents/projects/NBA_ML/collect_nba_api_data.py", line 460, in call_endpoint
    response = endpoint_cls(**request_params)
TypeError: TeamPlayerOnOffSummary.__init__() missing 1 required positional argument: 'team_id'
Traceback (most recent call last):
  File "/Users/akshatporwal/Documents/projects/NBA_ML/collect_nba_api_data.py", line 460, in call_endpoint
    response = endpoint_cls(**request_params)
TypeError: TeamPlayerOnOffSummary.__init__() missing 1 required positional argument: 'team_id'
Traceback (most recent call last):
  File "/Users/akshatporwal/Documents/projects/NBA_ML/collect_nba_api_data.py", line 460, in call_endpoint
    response = endpoint_cls(**request_params)
TypeError: TeamPlayerOnOffSummary.__init__() missing 1 required positional argument: 'team_id'
Traceback (most recent call last):
  File "/Users/akshatporwal/Documents/projects/NBA_ML/collect_nba_api_data.py", line 460, in call_endpoint
    response = endpoint_cls(**request_params)
  File "/Users/akshatporwal/Documents/projects/NBA_ML/.venv/lib/python3.14/site-packages/nba_api/stats/endpoints/playercareerstats.py", line 315, in __init__
    self.get_request()
    ~~~~~~~~~~~~~~~~^^
  File "/Users/akshatporwal/Documents/projects/NBA_ML/.venv/lib/python3.14/site-packages/nba_api/stats/endpoints/playercareerstats.py", line 325, in get_request
    self.load_response()
    ~~~~~~~~~~~~~~~~~~^^
  File "/Users/akshatporwal/Documents/projects/NBA_ML/.venv/lib/python3.14/site-packages/nba_api/stats/endpoints/playercareerstats.py", line 328, in load_response
    data_sets = self.nba_response.get_data_sets()
  File "/Users/akshatporwal/Documents/projects/NBA_ML/.venv/lib/python3.14/site-packages/nba_api/stats/library/http.py", line 104, in get_data_sets
    results = raw_dict["resultSet"]
              ~~~~~~~~^^^^^^^^^^^^^
KeyError: 'resultSet'
Traceback (most recent call last):
  File "/Users/akshatporwal/Documents/projects/NBA_ML/collect_nba_api_data.py", line 460, in call_endpoint
    response = endpoint_cls(**request_params)
TypeError: TeamPlayerOnOffSummary.__init__() missing 1 required positional argument: 'team_id'
Traceback (most recent call last):
  File "/Users/akshatporwal/Documents/projects/NBA_ML/collect_nba_api_data.py", line 460, in call_endpoint
    response = endpoint_cls(**request_params)
TypeError: TeamPlayerOnOffSummary.__init__() missing 1 required positional argument: 'team_id'
Traceback (most recent call last):
  File "/Users/akshatporwal/Documents/projects/NBA_ML/collect_nba_api_data.py", line 460, in call_endpoint
    response = endpoint_cls(**request_params)
TypeError: TeamPlayerOnOffSummary.__init__() missing 1 required positional argument: 'team_id'
Traceback (most recent call last):
  File "/Users/akshatporwal/Documents/projects/NBA_ML/collect_nba_api_data.py", line 460, in call_endpoint
    response = endpoint_cls(**request_params)
TypeError: TeamPlayerOnOffSummary.__init__() missing 1 required positional argument: 'team_id'
Traceback (most recent call last):
  File "/Users/akshatporwal/Documents/projects/NBA_ML/collect_nba_api_data.py", line 460, in call_endpoint
    response = endpoint_cls(**request_params)
TypeError: TeamPlayerOnOffSummary.__init__() missing 1 required positional argument: 'team_id'
Traceback (most recent call last):
  File "/Users/akshatporwal/Documents/projects/NBA_ML/collect_nba_api_data.py", line 460, in call_endpoint
    response = endpoint_cls(**request_params)
TypeError: TeamPlayerOnOffSummary.__init__() missing 1 required positional argument: 'team_id'
Traceback (most recent call last):
  File "/Users/akshatporwal/Documents/projects/NBA_ML/collect_nba_api_data.py", line 460, in call_endpoint
    response = endpoint_cls(**request_params)
TypeError: TeamPlayerOnOffSummary.__init__() missing 1 required positional argument: 'team_id'
Traceback (most recent call last):
  File "/Users/akshatporwal/Documents/projects/NBA_ML/collect_nba_api_data.py", line 460, in call_endpoint
    response = endpoint_cls(**request_params)
TypeError: TeamPlayerOnOffSummary.__init__() missing 1 required positional argument: 'team_id'
Traceback (most recent call last):
  File "/Users/akshatporwal/Documents/projects/NBA_ML/collect_nba_api_data.py", line 460, in call_endpoint
    response = endpoint_cls(**request_params)
TypeError: TeamPlayerOnOffSummary.__init__() missing 1 required positional argument: 'team_id'
Traceback (most recent call last):
  File "/Users/akshatporwal/Documents/projects/NBA_ML/collect_nba_api_data.py", line 460, in call_endpoint
    response = endpoint_cls(**request_params)
TypeError: TeamPlayerOnOffSummary.__init__() missing 1 required positional argument: 'team_id'
Traceback (most recent call last):
  File "/Users/akshatporwal/Documents/projects/NBA_ML/collect_nba_api_data.py", line 460, in call_endpoint
    response = endpoint_cls(**request_params)
TypeError: TeamPlayerOnOffSummary.__init__() missing 1 required positional argument: 'team_id'
Traceback (most recent call last):
  File "/Users/akshatporwal/Documents/projects/NBA_ML/collect_nba_api_data.py", line 460, in call_endpoint
    response = endpoint_cls(**request_params)
TypeError: TeamPlayerOnOffSummary.__init__() missing 1 required positional argument: 'team_id'
Traceback (most recent call last):
  File "/Users/akshatporwal/Documents/projects/NBA_ML/collect_nba_api_data.py", line 460, in call_endpoint
    response = endpoint_cls(**request_params)
TypeError: TeamPlayerOnOffSummary.__init__() missing 1 required positional argument: 'team_id'
Traceback (most recent call last):
  File "/Users/akshatporwal/Documents/projects/NBA_ML/collect_nba_api_data.py", line 460, in call_endpoint
    response = endpoint_cls(**request_params)
TypeError: TeamPlayerOnOffSummary.__init__() missing 1 required positional argument: 'team_id'
Traceback (most recent call last):
  File "/Users/akshatporwal/Documents/projects/NBA_ML/collect_nba_api_data.py", line 460, in call_endpoint
    response = endpoint_cls(**request_params)
TypeError: TeamPlayerOnOffSummary.__init__() missing 1 required positional argument: 'team_id'
Traceback (most recent call last):
  File "/Users/akshatporwal/Documents/projects/NBA_ML/collect_nba_api_data.py", line 460, in call_endpoint
    response = endpoint_cls(**request_params)
TypeError: TeamPlayerOnOffSummary.__init__() missing 1 required positional argument: 'team_id'
Traceback (most recent call last):
  File "/Users/akshatporwal/Documents/projects/NBA_ML/collect_nba_api_data.py", line 460, in call_endpoint
    response = endpoint_cls(**request_params)
TypeError: TeamPlayerOnOffSummary.__init__() missing 1 required positional argument: 'team_id'
Traceback (most recent call last):
  File "/Users/akshatporwal/Documents/projects/NBA_ML/collect_nba_api_data.py", line 460, in call_endpoint
    response = endpoint_cls(**request_params)
TypeError: TeamPlayerOnOffSummary.__init__() missing 1 required positional argument: 'team_id'
Traceback (most recent call last):
  File "/Users/akshatporwal/Documents/projects/NBA_ML/collect_nba_api_data.py", line 460, in call_endpoint
    response = endpoint_cls(**request_params)
TypeError: TeamPlayerOnOffSummary.__init__() missing 1 required positional argument: 'team_id'
Traceback (most recent call last):
  File "/Users/akshatporwal/Documents/projects/NBA_ML/collect_nba_api_data.py", line 460, in call_endpoint
    response = endpoint_cls(**request_params)
TypeError: TeamPlayerOnOffSummary.__init__() missing 1 required positional argument: 'team_id'
Traceback (most recent call last):
  File "/Users/akshatporwal/Documents/projects/NBA_ML/collect_nba_api_data.py", line 460, in call_endpoint
    response = endpoint_cls(**request_params)
TypeError: TeamPlayerOnOffSummary.__init__() missing 1 required positional argument: 'team_id'
Traceback (most recent call last):
  File "/Users/akshatporwal/Documents/projects/NBA_ML/collect_nba_api_data.py", line 460, in call_endpoint
    response = endpoint_cls(**request_params)
TypeError: TeamPlayerOnOffSummary.__init__() missing 1 required positional argument: 'team_id'
Traceback (most recent call last):
  File "/Users/akshatporwal/Documents/projects/NBA_ML/collect_nba_api_data.py", line 460, in call_endpoint
    response = endpoint_cls(**request_params)
TypeError: TeamPlayerOnOffSummary.__init__() missing 1 required positional argument: 'team_id'
Traceback (most recent call last):
  File "/Users/akshatporwal/Documents/projects/NBA_ML/collect_nba_api_data.py", line 460, in call_endpoint
    response = endpoint_cls(**request_params)
TypeError: TeamPlayerOnOffSummary.__init__() missing 1 required positional argument: 'team_id'
Traceback (most recent call last):
  File "/Users/akshatporwal/Documents/projects/NBA_ML/collect_nba_api_data.py", line 460, in call_endpoint
    response = endpoint_cls(**request_params)
TypeError: TeamPlayerOnOffSummary.__init__() missing 1 required positional argument: 'team_id'
Traceback (most recent call last):
  File "/Users/akshatporwal/Documents/projects/NBA_ML/collect_nba_api_data.py", line 460, in call_endpoint
    response = endpoint_cls(**request_params)
TypeError: TeamPlayerOnOffSummary.__init__() missing 1 required positional argument: 'team_id'
Traceback (most recent call last):
  File "/Users/akshatporwal/Documents/projects/NBA_ML/collect_nba_api_data.py", line 460, in call_endpoint
    response = endpoint_cls(**request_params)
TypeError: TeamPlayerOnOffSummary.__init__() missing 1 required positional argument: 'team_id'
Traceback (most recent call last):
  File "/Users/akshatporwal/Documents/projects/NBA_ML/collect_nba_api_data.py", line 460, in call_endpoint
    response = endpoint_cls(**request_params)
TypeError: TeamPlayerOnOffSummary.__init__() missing 1 required positional argument: 'team_id'
Traceback (most recent call last):
  File "/Users/akshatporwal/Documents/projects/NBA_ML/collect_nba_api_data.py", line 460, in call_endpoint
    response = endpoint_cls(**request_params)
TypeError: TeamPlayerOnOffSummary.__init__() missing 1 required positional argument: 'team_id'
Traceback (most recent call last):
  File "/Users/akshatporwal/Documents/projects/NBA_ML/collect_nba_api_data.py", line 460, in call_endpoint
    response = endpoint_cls(**request_params)
TypeError: TeamPlayerOnOffSummary.__init__() missing 1 required positional argument: 'team_id'
Traceback (most recent call last):
  File "/Users/akshatporwal/Documents/projects/NBA_ML/collect_nba_api_data.py", line 460, in call_endpoint
    response = endpoint_cls(**request_params)
TypeError: TeamPlayerOnOffSummary.__init__() missing 1 required positional argument: 'team_id'
Traceback (most recent call last):
  File "/Users/akshatporwal/Documents/projects/NBA_ML/.venv/lib/python3.14/site-packages/urllib3/connectionpool.py", line 534, in _make_request
    response = conn.getresponse()
  File "/Users/akshatporwal/Documents/projects/NBA_ML/.venv/lib/python3.14/site-packages/urllib3/connection.py", line 571, in getresponse
    httplib_response = super().getresponse()
  File "/opt/homebrew/Cellar/python@3.14/3.14.0/Frameworks/Python.framework/Versions/3.14/lib/python3.14/http/client.py", line 1430, in getresponse
    response.begin()
    ~~~~~~~~~~~~~~^^
  File "/opt/homebrew/Cellar/python@3.14/3.14.0/Frameworks/Python.framework/Versions/3.14/lib/python3.14/http/client.py", line 331, in begin
    version, status, reason = self._read_status()
                              ~~~~~~~~~~~~~~~~~^^
  File "/opt/homebrew/Cellar/python@3.14/3.14.0/Frameworks/Python.framework/Versions/3.14/lib/python3.14/http/client.py", line 292, in _read_status
    line = str(self.fp.readline(_MAXLINE + 1), "iso-8859-1")
               ~~~~~~~~~~~~~~~~^^^^^^^^^^^^^^
  File "/opt/homebrew/Cellar/python@3.14/3.14.0/Frameworks/Python.framework/Versions/3.14/lib/python3.14/socket.py", line 725, in readinto
    return self._sock.recv_into(b)
           ~~~~~~~~~~~~~~~~~~~~^^^
  File "/opt/homebrew/Cellar/python@3.14/3.14.0/Frameworks/Python.framework/Versions/3.14/lib/python3.14/ssl.py", line 1304, in recv_into
    return self.read(nbytes, buffer)
           ~~~~~~~~~^^^^^^^^^^^^^^^^
  File "/opt/homebrew/Cellar/python@3.14/3.14.0/Frameworks/Python.framework/Versions/3.14/lib/python3.14/ssl.py", line 1138, in read
    return self._sslobj.read(len, buffer)
           ~~~~~~~~~~~~~~~~~^^^^^^^^^^^^^
TimeoutError: The read operation timed out

The above exception was the direct cause of the following exception:

Traceback (most recent call last):
  File "/Users/akshatporwal/Documents/projects/NBA_ML/.venv/lib/python3.14/site-packages/requests/adapters.py", line 644, in send
    resp = conn.urlopen(
        method=request.method,
    ...<9 lines>...
        chunked=chunked,
    )
  File "/Users/akshatporwal/Documents/projects/NBA_ML/.venv/lib/python3.14/site-packages/urllib3/connectionpool.py", line 841, in urlopen
    retries = retries.increment(
        method, url, error=new_e, _pool=self, _stacktrace=sys.exc_info()[2]
    )
  File "/Users/akshatporwal/Documents/projects/NBA_ML/.venv/lib/python3.14/site-packages/urllib3/util/retry.py", line 490, in increment
    raise reraise(type(error), error, _stacktrace)
          ~~~~~~~^^^^^^^^^^^^^^^^^^^^^^^^^^^^^^^^^
  File "/Users/akshatporwal/Documents/projects/NBA_ML/.venv/lib/python3.14/site-packages/urllib3/util/util.py", line 39, in reraise
    raise value
  File "/Users/akshatporwal/Documents/projects/NBA_ML/.venv/lib/python3.14/site-packages/urllib3/connectionpool.py", line 787, in urlopen
    response = self._make_request(
        conn,
    ...<10 lines>...
        **response_kw,
    )
  File "/Users/akshatporwal/Documents/projects/NBA_ML/.venv/lib/python3.14/site-packages/urllib3/connectionpool.py", line 536, in _make_request
    self._raise_timeout(err=e, url=url, timeout_value=read_timeout)
    ~~~~~~~~~~~~~~~~~~~^^^^^^^^^^^^^^^^^^^^^^^^^^^^^^^^^^^^^^^^^^^^
  File "/Users/akshatporwal/Documents/projects/NBA_ML/.venv/lib/python3.14/site-packages/urllib3/connectionpool.py", line 367, in _raise_timeout
    raise ReadTimeoutError(
        self, url, f"Read timed out. (read timeout={timeout_value})"
    ) from err
urllib3.exceptions.ReadTimeoutError: HTTPSConnectionPool(host='stats.nba.com', port=443): Read timed out. (read timeout=45)

During handling of the above exception, another exception occurred:

Traceback (most recent call last):
  File "/Users/akshatporwal/Documents/projects/NBA_ML/collect_nba_api_data.py", line 460, in call_endpoint
    response = endpoint_cls(**request_params)
  File "/Users/akshatporwal/Documents/projects/NBA_ML/.venv/lib/python3.14/site-packages/nba_api/stats/endpoints/playergamelog.py", line 72, in __init__
    self.get_request()
    ~~~~~~~~~~~~~~~~^^
  File "/Users/akshatporwal/Documents/projects/NBA_ML/.venv/lib/python3.14/site-packages/nba_api/stats/endpoints/playergamelog.py", line 75, in get_request
    self.nba_response = NBAStatsHTTP().send_api_request(
                        ~~~~~~~~~~~~~~~~~~~~~~~~~~~~~~~^
        endpoint=self.endpoint,
        ^^^^^^^^^^^^^^^^^^^^^^^
    ...<3 lines>...
        timeout=self.timeout,
        ^^^^^^^^^^^^^^^^^^^^^
    )
    ^
  File "/Users/akshatporwal/Documents/projects/NBA_ML/.venv/lib/python3.14/site-packages/nba_api/library/http.py", line 160, in send_api_request
    response = self.get_session().get(
        url=base_url,
    ...<3 lines>...
        timeout=timeout,
    )
  File "/Users/akshatporwal/Documents/projects/NBA_ML/.venv/lib/python3.14/site-packages/requests/sessions.py", line 602, in get
    return self.request("GET", url, **kwargs)
           ~~~~~~~~~~~~^^^^^^^^^^^^^^^^^^^^^^
  File "/Users/akshatporwal/Documents/projects/NBA_ML/.venv/lib/python3.14/site-packages/requests/sessions.py", line 589, in request
    resp = self.send(prep, **send_kwargs)
  File "/Users/akshatporwal/Documents/projects/NBA_ML/.venv/lib/python3.14/site-packages/requests/sessions.py", line 703, in send
    r = adapter.send(request, **kwargs)
  File "/Users/akshatporwal/Documents/projects/NBA_ML/.venv/lib/python3.14/site-packages/requests/adapters.py", line 690, in send
    raise ReadTimeout(e, request=request)
requests.exceptions.ReadTimeout: HTTPSConnectionPool(host='stats.nba.com', port=443): Read timed out. (read timeout=45)
Traceback (most recent call last):
  File "/Users/akshatporwal/Documents/projects/NBA_ML/collect_nba_api_data.py", line 460, in call_endpoint
    response = endpoint_cls(**request_params)
TypeError: TeamPlayerOnOffSummary.__init__() missing 1 required positional argument: 'team_id'
Traceback (most recent call last):
  File "/Users/akshatporwal/Documents/projects/NBA_ML/collect_nba_api_data.py", line 460, in call_endpoint
    response = endpoint_cls(**request_params)
TypeError: TeamPlayerOnOffSummary.__init__() missing 1 required positional argument: 'team_id'
Traceback (most recent call last):
  File "/Users/akshatporwal/Documents/projects/NBA_ML/collect_nba_api_data.py", line 460, in call_endpoint
    response = endpoint_cls(**request_params)
TypeError: TeamPlayerOnOffSummary.__init__() missing 1 required positional argument: 'team_id'
Traceback (most recent call last):
  File "/Users/akshatporwal/Documents/projects/NBA_ML/collect_nba_api_data.py", line 460, in call_endpoint
    response = endpoint_cls(**request_params)
TypeError: TeamPlayerOnOffSummary.__init__() missing 1 required positional argument: 'team_id'
Traceback (most recent call last):
  File "/Users/akshatporwal/Documents/projects/NBA_ML/collect_nba_api_data.py", line 460, in call_endpoint
    response = endpoint_cls(**request_params)
TypeError: TeamPlayerOnOffSummary.__init__() missing 1 required positional argument: 'team_id'
Traceback (most recent call last):
  File "/Users/akshatporwal/Documents/projects/NBA_ML/collect_nba_api_data.py", line 460, in call_endpoint
    response = endpoint_cls(**request_params)
TypeError: TeamPlayerOnOffSummary.__init__() missing 1 required positional argument: 'team_id'
Traceback (most recent call last):
  File "/Users/akshatporwal/Documents/projects/NBA_ML/collect_nba_api_data.py", line 460, in call_endpoint
    response = endpoint_cls(**request_params)
TypeError: TeamPlayerOnOffSummary.__init__() missing 1 required positional argument: 'team_id'
Traceback (most recent call last):
  File "/Users/akshatporwal/Documents/projects/NBA_ML/collect_nba_api_data.py", line 460, in call_endpoint
    response = endpoint_cls(**request_params)
TypeError: TeamPlayerOnOffSummary.__init__() missing 1 required positional argument: 'team_id'
Traceback (most recent call last):
  File "/Users/akshatporwal/Documents/projects/NBA_ML/collect_nba_api_data.py", line 460, in call_endpoint
    response = endpoint_cls(**request_params)
TypeError: TeamPlayerOnOffSummary.__init__() missing 1 required positional argument: 'team_id'
Traceback (most recent call last):
  File "/Users/akshatporwal/Documents/projects/NBA_ML/collect_nba_api_data.py", line 460, in call_endpoint
    response = endpoint_cls(**request_params)
TypeError: TeamPlayerOnOffSummary.__init__() missing 1 required positional argument: 'team_id'
Traceback (most recent call last):
  File "/Users/akshatporwal/Documents/projects/NBA_ML/collect_nba_api_data.py", line 460, in call_endpoint
    response = endpoint_cls(**request_params)
TypeError: TeamPlayerOnOffSummary.__init__() missing 1 required positional argument: 'team_id'
Traceback (most recent call last):
  File "/Users/akshatporwal/Documents/projects/NBA_ML/collect_nba_api_data.py", line 460, in call_endpoint
    response = endpoint_cls(**request_params)
TypeError: TeamPlayerOnOffSummary.__init__() missing 1 required positional argument: 'team_id'
Traceback (most recent call last):
  File "/Users/akshatporwal/Documents/projects/NBA_ML/collect_nba_api_data.py", line 460, in call_endpoint
    response = endpoint_cls(**request_params)
TypeError: TeamPlayerOnOffSummary.__init__() missing 1 required positional argument: 'team_id'
Traceback (most recent call last):
  File "/Users/akshatporwal/Documents/projects/NBA_ML/collect_nba_api_data.py", line 460, in call_endpoint
    response = endpoint_cls(**request_params)
TypeError: TeamPlayerOnOffSummary.__init__() missing 1 required positional argument: 'team_id'
Traceback (most recent call last):
  File "/Users/akshatporwal/Documents/projects/NBA_ML/collect_nba_api_data.py", line 460, in call_endpoint
    response = endpoint_cls(**request_params)
TypeError: TeamPlayerOnOffSummary.__init__() missing 1 required positional argument: 'team_id'
Traceback (most recent call last):
  File "/Users/akshatporwal/Documents/projects/NBA_ML/collect_nba_api_data.py", line 460, in call_endpoint
    response = endpoint_cls(**request_params)
TypeError: TeamPlayerOnOffSummary.__init__() missing 1 required positional argument: 'team_id'
Traceback (most recent call last):
  File "/Users/akshatporwal/Documents/projects/NBA_ML/collect_nba_api_data.py", line 460, in call_endpoint
    response = endpoint_cls(**request_params)
TypeError: TeamPlayerOnOffSummary.__init__() missing 1 required positional argument: 'team_id'
Traceback (most recent call last):
  File "/Users/akshatporwal/Documents/projects/NBA_ML/collect_nba_api_data.py", line 460, in call_endpoint
    response = endpoint_cls(**request_params)
TypeError: TeamPlayerOnOffSummary.__init__() missing 1 required positional argument: 'team_id'
Traceback (most recent call last):
  File "/Users/akshatporwal/Documents/projects/NBA_ML/collect_nba_api_data.py", line 460, in call_endpoint
    response = endpoint_cls(**request_params)
TypeError: TeamPlayerOnOffSummary.__init__() missing 1 required positional argument: 'team_id'
Traceback (most recent call last):
  File "/Users/akshatporwal/Documents/projects/NBA_ML/collect_nba_api_data.py", line 460, in call_endpoint
    response = endpoint_cls(**request_params)
TypeError: TeamPlayerOnOffSummary.__init__() missing 1 required positional argument: 'team_id'
Traceback (most recent call last):
  File "/Users/akshatporwal/Documents/projects/NBA_ML/collect_nba_api_data.py", line 460, in call_endpoint
    response = endpoint_cls(**request_params)
TypeError: TeamPlayerOnOffSummary.__init__() missing 1 required positional argument: 'team_id'
Traceback (most recent call last):
  File "/Users/akshatporwal/Documents/projects/NBA_ML/collect_nba_api_data.py", line 460, in call_endpoint
    response = endpoint_cls(**request_params)
TypeError: TeamPlayerOnOffSummary.__init__() missing 1 required positional argument: 'team_id'
Traceback (most recent call last):
  File "/Users/akshatporwal/Documents/projects/NBA_ML/collect_nba_api_data.py", line 460, in call_endpoint
    response = endpoint_cls(**request_params)
TypeError: TeamPlayerOnOffSummary.__init__() missing 1 required positional argument: 'team_id'
Traceback (most recent call last):
  File "/Users/akshatporwal/Documents/projects/NBA_ML/collect_nba_api_data.py", line 460, in call_endpoint
    response = endpoint_cls(**request_params)
TypeError: TeamPlayerOnOffSummary.__init__() missing 1 required positional argument: 'team_id'
Traceback (most recent call last):
  File "/Users/akshatporwal/Documents/projects/NBA_ML/collect_nba_api_data.py", line 460, in call_endpoint
    response = endpoint_cls(**request_params)
TypeError: TeamPlayerOnOffSummary.__init__() missing 1 required positional argument: 'team_id'
Traceback (most recent call last):
  File "/Users/akshatporwal/Documents/projects/NBA_ML/collect_nba_api_data.py", line 460, in call_endpoint
    response = endpoint_cls(**request_params)
TypeError: TeamPlayerOnOffSummary.__init__() missing 1 required positional argument: 'team_id'
Traceback (most recent call last):
  File "/Users/akshatporwal/Documents/projects/NBA_ML/collect_nba_api_data.py", line 460, in call_endpoint
    response = endpoint_cls(**request_params)
TypeError: TeamPlayerOnOffSummary.__init__() missing 1 required positional argument: 'team_id'
Traceback (most recent call last):
  File "/Users/akshatporwal/Documents/projects/NBA_ML/collect_nba_api_data.py", line 460, in call_endpoint
    response = endpoint_cls(**request_params)
TypeError: TeamPlayerOnOffSummary.__init__() missing 1 required positional argument: 'team_id'
Traceback (most recent call last):
  File "/Users/akshatporwal/Documents/projects/NBA_ML/collect_nba_api_data.py", line 460, in call_endpoint
    response = endpoint_cls(**request_params)
TypeError: TeamPlayerOnOffSummary.__init__() missing 1 required positional argument: 'team_id'
Traceback (most recent call last):
  File "/Users/akshatporwal/Documents/projects/NBA_ML/collect_nba_api_data.py", line 460, in call_endpoint
    response = endpoint_cls(**request_params)
  File "/Users/akshatporwal/Documents/projects/NBA_ML/.venv/lib/python3.14/site-packages/nba_api/stats/endpoints/playercareerstats.py", line 315, in __init__
    self.get_request()
    ~~~~~~~~~~~~~~~~^^
  File "/Users/akshatporwal/Documents/projects/NBA_ML/.venv/lib/python3.14/site-packages/nba_api/stats/endpoints/playercareerstats.py", line 325, in get_request
    self.load_response()
    ~~~~~~~~~~~~~~~~~~^^
  File "/Users/akshatporwal/Documents/projects/NBA_ML/.venv/lib/python3.14/site-packages/nba_api/stats/endpoints/playercareerstats.py", line 328, in load_response
    data_sets = self.nba_response.get_data_sets()
  File "/Users/akshatporwal/Documents/projects/NBA_ML/.venv/lib/python3.14/site-packages/nba_api/stats/library/http.py", line 104, in get_data_sets
    results = raw_dict["resultSet"]
              ~~~~~~~~^^^^^^^^^^^^^
KeyError: 'resultSet'
Traceback (most recent call last):
  File "/Users/akshatporwal/Documents/projects/NBA_ML/collect_nba_api_data.py", line 460, in call_endpoint
    response = endpoint_cls(**request_params)
TypeError: TeamPlayerOnOffSummary.__init__() missing 1 required positional argument: 'team_id'
Traceback (most recent call last):
  File "/Users/akshatporwal/Documents/projects/NBA_ML/collect_nba_api_data.py", line 460, in call_endpoint
    response = endpoint_cls(**request_params)
TypeError: TeamPlayerOnOffSummary.__init__() missing 1 required positional argument: 'team_id'
Traceback (most recent call last):
  File "/Users/akshatporwal/Documents/projects/NBA_ML/collect_nba_api_data.py", line 460, in call_endpoint
    response = endpoint_cls(**request_params)
TypeError: TeamPlayerOnOffSummary.__init__() missing 1 required positional argument: 'team_id'
Traceback (most recent call last):
  File "/Users/akshatporwal/Documents/projects/NBA_ML/collect_nba_api_data.py", line 460, in call_endpoint
    response = endpoint_cls(**request_params)
TypeError: TeamPlayerOnOffSummary.__init__() missing 1 required positional argument: 'team_id'
Traceback (most recent call last):
  File "/Users/akshatporwal/Documents/projects/NBA_ML/collect_nba_api_data.py", line 460, in call_endpoint
    response = endpoint_cls(**request_params)
TypeError: TeamPlayerOnOffSummary.__init__() missing 1 required positional argument: 'team_id'
Traceback (most recent call last):
  File "/Users/akshatporwal/Documents/projects/NBA_ML/collect_nba_api_data.py", line 460, in call_endpoint
    response = endpoint_cls(**request_params)
TypeError: TeamPlayerOnOffSummary.__init__() missing 1 required positional argument: 'team_id'
Traceback (most recent call last):
  File "/Users/akshatporwal/Documents/projects/NBA_ML/collect_nba_api_data.py", line 460, in call_endpoint
    response = endpoint_cls(**request_params)
TypeError: TeamPlayerOnOffSummary.__init__() missing 1 required positional argument: 'team_id'
Traceback (most recent call last):
  File "/Users/akshatporwal/Documents/projects/NBA_ML/collect_nba_api_data.py", line 460, in call_endpoint
    response = endpoint_cls(**request_params)
TypeError: TeamPlayerOnOffSummary.__init__() missing 1 required positional argument: 'team_id'
Traceback (most recent call last):
  File "/Users/akshatporwal/Documents/projects/NBA_ML/collect_nba_api_data.py", line 460, in call_endpoint
    response = endpoint_cls(**request_params)
TypeError: TeamPlayerOnOffSummary.__init__() missing 1 required positional argument: 'team_id'
Traceback (most recent call last):
  File "/Users/akshatporwal/Documents/projects/NBA_ML/collect_nba_api_data.py", line 460, in call_endpoint
    response = endpoint_cls(**request_params)
TypeError: TeamPlayerOnOffSummary.__init__() missing 1 required positional argument: 'team_id'
Traceback (most recent call last):
  File "/Users/akshatporwal/Documents/projects/NBA_ML/collect_nba_api_data.py", line 460, in call_endpoint
    response = endpoint_cls(**request_params)
  File "/Users/akshatporwal/Documents/projects/NBA_ML/.venv/lib/python3.14/site-packages/nba_api/stats/endpoints/playercareerstats.py", line 315, in __init__
    self.get_request()
    ~~~~~~~~~~~~~~~~^^
  File "/Users/akshatporwal/Documents/projects/NBA_ML/.venv/lib/python3.14/site-packages/nba_api/stats/endpoints/playercareerstats.py", line 325, in get_request
    self.load_response()
    ~~~~~~~~~~~~~~~~~~^^
  File "/Users/akshatporwal/Documents/projects/NBA_ML/.venv/lib/python3.14/site-packages/nba_api/stats/endpoints/playercareerstats.py", line 328, in load_response
    data_sets = self.nba_response.get_data_sets()
  File "/Users/akshatporwal/Documents/projects/NBA_ML/.venv/lib/python3.14/site-packages/nba_api/stats/library/http.py", line 104, in get_data_sets
    results = raw_dict["resultSet"]
              ~~~~~~~~^^^^^^^^^^^^^
KeyError: 'resultSet'
Traceback (most recent call last):
  File "/Users/akshatporwal/Documents/projects/NBA_ML/collect_nba_api_data.py", line 460, in call_endpoint
    response = endpoint_cls(**request_params)
TypeError: TeamPlayerOnOffSummary.__init__() missing 1 required positional argument: 'team_id'
Traceback (most recent call last):
  File "/Users/akshatporwal/Documents/projects/NBA_ML/collect_nba_api_data.py", line 460, in call_endpoint
    response = endpoint_cls(**request_params)
TypeError: TeamPlayerOnOffSummary.__init__() missing 1 required positional argument: 'team_id'
[PATCH] NBAStatsHTTP patched: required headers injected, per-call session enabled.
[SKIP] team_stats_advanced (already downloaded)
[SKIP] team_stats_opponent (already downloaded)
[SKIP] team_stats_four_factors (already downloaded)
[SKIP] pt_stats_speed_distance (already downloaded)
[SKIP] pt_stats_possessions (already downloaded)
[SKIP] team_pt_shot (already downloaded)
[SKIP] pt_stats_passing (already downloaded)
[SKIP] pt_stats_rebounding (already downloaded)
[SKIP] pt_team_defend (already downloaded)
[SKIP] hustle_stats_team (already downloaded)
[SKIP] team_clutch (already downloaded)
[SKIP] synergy_play_types (already downloaded)
[SKIP] league_standings (already downloaded)
[SKIP] league_lineups_5man (already downloaded)
[SKIP] team_splits_general (already downloaded)
[SKIP] team_lineups_5man (already downloaded)
[SKIP] team_splits_general (already downloaded)
[SKIP] team_lineups_5man (already downloaded)
[SKIP] team_splits_general (already downloaded)
[SKIP] team_lineups_5man (already downloaded)
[SKIP] team_splits_general (already downloaded)
[SKIP] team_lineups_5man (already downloaded)
[SKIP] team_splits_general (already downloaded)
[SKIP] team_lineups_5man (already downloaded)
[SKIP] team_splits_general (already downloaded)
[SKIP] team_lineups_5man (already downloaded)
[SKIP] team_splits_general (already downloaded)
[SKIP] team_lineups_5man (already downloaded)
[SKIP] team_splits_general (already downloaded)
[SKIP] team_lineups_5man (already downloaded)
[SKIP] team_splits_general (already downloaded)
[SKIP] team_lineups_5man (already downloaded)
[SKIP] team_splits_general (already downloaded)
[SKIP] team_lineups_5man (already downloaded)
[SKIP] team_splits_general (already downloaded)
[SKIP] team_lineups_5man (already downloaded)
[SKIP] team_splits_general (already downloaded)
[SKIP] team_lineups_5man (already downloaded)
[SKIP] team_splits_general (already downloaded)
[SKIP] team_lineups_5man (already downloaded)
[SKIP] team_splits_general (already downloaded)
[SKIP] team_lineups_5man (already downloaded)
[SKIP] team_splits_general (already downloaded)
[SKIP] team_lineups_5man (already downloaded)
[SKIP] team_splits_general (already downloaded)
[SKIP] team_lineups_5man (already downloaded)
[SKIP] team_splits_general (already downloaded)
[SKIP] team_lineups_5man (already downloaded)
[CALL] team_splits_general (attempt 1/4)
[OK] team_splits_general
[CALL] team_lineups_5man (attempt 1/4)
[OK] team_lineups_5man
[CALL] team_splits_general (attempt 1/4)
[OK] team_splits_general
[CALL] team_lineups_5man (attempt 1/4)
[OK] team_lineups_5man
[CALL] team_splits_general (attempt 1/4)
[OK] team_splits_general
[CALL] team_lineups_5man (attempt 1/4)
[OK] team_lineups_5man
[CALL] team_splits_general (attempt 1/4)
[OK] team_splits_general
[CALL] team_lineups_5man (attempt 1/4)
[OK] team_lineups_5man
[CALL] team_splits_general (attempt 1/4)
[OK] team_splits_general
[CALL] team_lineups_5man (attempt 1/4)
[OK] team_lineups_5man
[CALL] team_splits_general (attempt 1/4)
[OK] team_splits_general
[CALL] team_lineups_5man (attempt 1/4)
[OK] team_lineups_5man
[CALL] team_splits_general (attempt 1/4)
[OK] team_splits_general
[CALL] team_lineups_5man (attempt 1/4)
[OK] team_lineups_5man
[CALL] team_splits_general (attempt 1/4)
[OK] team_splits_general
[CALL] team_lineups_5man (attempt 1/4)
[OK] team_lineups_5man
[CALL] team_splits_general (attempt 1/4)
[OK] team_splits_general
[CALL] team_lineups_5man (attempt 1/4)
[OK] team_lineups_5man
[CALL] team_splits_general (attempt 1/4)
[OK] team_splits_general
[CALL] team_lineups_5man (attempt 1/4)
[OK] team_lineups_5man
[CALL] team_splits_general (attempt 1/4)
[WARN] team_splits_general: Expecting value: line 1 column 1 (char 0)
[CALL] team_lineups_5man (attempt 1/4)
[OK] team_lineups_5man
[CALL] team_splits_general (attempt 1/4)
[OK] team_splits_general
[CALL] team_lineups_5man (attempt 1/4)
[OK] team_lineups_5man
[CALL] team_splits_general (attempt 1/4)
[OK] team_splits_general
[CALL] team_lineups_5man (attempt 1/4)
[OK] team_lineups_5man
[CALL] shot_chart_team (attempt 1/4)
[OK] shot_chart_team
[CALL] shot_chart_team (attempt 1/4)
[OK] shot_chart_team
[CALL] shot_chart_team (attempt 1/4)
[OK] shot_chart_team
[CALL] shot_chart_team (attempt 1/4)
[OK] shot_chart_team
[CALL] shot_chart_team (attempt 1/4)
[OK] shot_chart_team
[CALL] shot_chart_team (attempt 1/4)
[OK] shot_chart_team
[CALL] shot_chart_team (attempt 1/4)
[OK] shot_chart_team
[CALL] shot_chart_team (attempt 1/4)
[OK] shot_chart_team
[CALL] shot_chart_team (attempt 1/4)
[OK] shot_chart_team
[CALL] shot_chart_team (attempt 1/4)
[OK] shot_chart_team
[CALL] shot_chart_team (attempt 1/4)
[OK] shot_chart_team
[CALL] shot_chart_team (attempt 1/4)
[OK] shot_chart_team
[CALL] shot_chart_team (attempt 1/4)
[OK] shot_chart_team
[CALL] shot_chart_team (attempt 1/4)
[OK] shot_chart_team
[CALL] shot_chart_team (attempt 1/4)
[OK] shot_chart_team
[CALL] shot_chart_team (attempt 1/4)
[OK] shot_chart_team
[CALL] shot_chart_team (attempt 1/4)
[OK] shot_chart_team
[CALL] shot_chart_team (attempt 1/4)
[OK] shot_chart_team
[CALL] shot_chart_team (attempt 1/4)
[OK] shot_chart_team
[CALL] shot_chart_team (attempt 1/4)
[OK] shot_chart_team
[CALL] shot_chart_team (attempt 1/4)
[OK] shot_chart_team
[CALL] shot_chart_team (attempt 1/4)
[OK] shot_chart_team
[CALL] shot_chart_team (attempt 1/4)
[OK] shot_chart_team
[CALL] shot_chart_team (attempt 1/4)
[OK] shot_chart_team
[CALL] shot_chart_team (attempt 1/4)
[OK] shot_chart_team
[CALL] shot_chart_team (attempt 1/4)
[OK] shot_chart_team
[CALL] shot_chart_team (attempt 1/4)
[OK] shot_chart_team
[CALL] shot_chart_team (attempt 1/4)
[OK] shot_chart_team
[CALL] shot_chart_team (attempt 1/4)
[OK] shot_chart_team
[CALL] shot_chart_team (attempt 1/4)
[OK] shot_chart_team
[CALL] player_bio_stats (attempt 1/4)
[OK] player_bio_stats
[CALL] player_stats_base (attempt 1/4)
[OK] player_stats_base
[CALL] player_stats_advanced (attempt 1/4)
[OK] player_stats_advanced
[CALL] player_estimated_metrics (attempt 1/4)
[OK] player_estimated_metrics
[CALL] hustle_stats_player (attempt 1/4)
[OK] hustle_stats_player
[CALL] player_clutch (attempt 1/4)
[OK] player_clutch
[CALL] player_pt_stats_passing (attempt 1/4)
[OK] player_pt_stats_passing
[CALL] player_pt_stats_possessions (attempt 1/4)
[OK] player_pt_stats_possessions
[CALL] player_pt_stats_speed_distance (attempt 1/4)
[OK] player_pt_stats_speed_distance
[CALL] common_player_info (attempt 1/4)
[OK] common_player_info
[CALL] player_game_log (attempt 1/4)
[OK] player_game_log
[CALL] player_career (attempt 1/4)
[OK] player_career
[CALL] player_on_off (attempt 1/4)
[WARN] player_on_off: TeamPlayerOnOffSummary.__init__() missing 1 required positional argument: 'team_id'
[CALL] shot_chart_player (attempt 1/4)
[OK] shot_chart_player
[CALL] common_player_info (attempt 1/4)
[OK] common_player_info
[CALL] player_game_log (attempt 1/4)
[OK] player_game_log
[CALL] player_career (attempt 1/4)
[OK] player_career
[CALL] player_on_off (attempt 1/4)
[WARN] player_on_off: TeamPlayerOnOffSummary.__init__() missing 1 required positional argument: 'team_id'
[CALL] shot_chart_player (attempt 1/4)
[OK] shot_chart_player
[CALL] common_player_info (attempt 1/4)
[OK] common_player_info
[CALL] player_game_log (attempt 1/4)
[OK] player_game_log
[CALL] player_career (attempt 1/4)
[OK] player_career
[CALL] player_on_off (attempt 1/4)
[WARN] player_on_off: TeamPlayerOnOffSummary.__init__() missing 1 required positional argument: 'team_id'
[CALL] shot_chart_player (attempt 1/4)
[OK] shot_chart_player
[CALL] common_player_info (attempt 1/4)
[OK] common_player_info
[CALL] player_game_log (attempt 1/4)
[OK] player_game_log
[CALL] player_career (attempt 1/4)
[OK] player_career
[CALL] player_on_off (attempt 1/4)
[WARN] player_on_off: TeamPlayerOnOffSummary.__init__() missing 1 required positional argument: 'team_id'
[CALL] shot_chart_player (attempt 1/4)
[OK] shot_chart_player
[CALL] common_player_info (attempt 1/4)
[OK] common_player_info
[CALL] player_game_log (attempt 1/4)
[OK] player_game_log
[CALL] player_career (attempt 1/4)
[OK] player_career
[CALL] player_on_off (attempt 1/4)
[WARN] player_on_off: TeamPlayerOnOffSummary.__init__() missing 1 required positional argument: 'team_id'
[CALL] shot_chart_player (attempt 1/4)
[OK] shot_chart_player
[CALL] common_player_info (attempt 1/4)
[OK] common_player_info
[CALL] player_game_log (attempt 1/4)
[OK] player_game_log
[CALL] player_career (attempt 1/4)
[OK] player_career
[CALL] player_on_off (attempt 1/4)
[WARN] player_on_off: TeamPlayerOnOffSummary.__init__() missing 1 required positional argument: 'team_id'
[CALL] shot_chart_player (attempt 1/4)
[OK] shot_chart_player
[CALL] common_player_info (attempt 1/4)
[OK] common_player_info
[CALL] player_game_log (attempt 1/4)
[OK] player_game_log
[CALL] player_career (attempt 1/4)
[OK] player_career
[CALL] player_on_off (attempt 1/4)
[WARN] player_on_off: TeamPlayerOnOffSummary.__init__() missing 1 required positional argument: 'team_id'
[CALL] shot_chart_player (attempt 1/4)
[OK] shot_chart_player
[CALL] common_player_info (attempt 1/4)
[OK] common_player_info
[CALL] player_game_log (attempt 1/4)
[OK] player_game_log
[CALL] player_career (attempt 1/4)
[OK] player_career
[CALL] player_on_off (attempt 1/4)
[WARN] player_on_off: TeamPlayerOnOffSummary.__init__() missing 1 required positional argument: 'team_id'
[CALL] shot_chart_player (attempt 1/4)
[OK] shot_chart_player
[CALL] common_player_info (attempt 1/4)
[OK] common_player_info
[CALL] player_game_log (attempt 1/4)
[OK] player_game_log
[CALL] player_career (attempt 1/4)
[OK] player_career
[CALL] player_on_off (attempt 1/4)
[WARN] player_on_off: TeamPlayerOnOffSummary.__init__() missing 1 required positional argument: 'team_id'
[CALL] shot_chart_player (attempt 1/4)
[OK] shot_chart_player
[CALL] common_player_info (attempt 1/4)
[OK] common_player_info
[CALL] player_game_log (attempt 1/4)
[OK] player_game_log
[CALL] player_career (attempt 1/4)
[OK] player_career
[CALL] player_on_off (attempt 1/4)
[WARN] player_on_off: TeamPlayerOnOffSummary.__init__() missing 1 required positional argument: 'team_id'
[CALL] shot_chart_player (attempt 1/4)
[OK] shot_chart_player
[CALL] common_player_info (attempt 1/4)
[OK] common_player_info
[CALL] player_game_log (attempt 1/4)
[OK] player_game_log
[CALL] player_career (attempt 1/4)
[OK] player_career
[CALL] player_on_off (attempt 1/4)
[WARN] player_on_off: TeamPlayerOnOffSummary.__init__() missing 1 required positional argument: 'team_id'
[CALL] shot_chart_player (attempt 1/4)
[OK] shot_chart_player
[CALL] common_player_info (attempt 1/4)
[OK] common_player_info
[CALL] player_game_log (attempt 1/4)
[OK] player_game_log
[CALL] player_career (attempt 1/4)
[OK] player_career
[CALL] player_on_off (attempt 1/4)
[WARN] player_on_off: TeamPlayerOnOffSummary.__init__() missing 1 required positional argument: 'team_id'
[CALL] shot_chart_player (attempt 1/4)
[OK] shot_chart_player
[CALL] common_player_info (attempt 1/4)
[OK] common_player_info
[CALL] player_game_log (attempt 1/4)
[OK] player_game_log
[CALL] player_career (attempt 1/4)
[OK] player_career
[CALL] player_on_off (attempt 1/4)
[WARN] player_on_off: TeamPlayerOnOffSummary.__init__() missing 1 required positional argument: 'team_id'
[CALL] shot_chart_player (attempt 1/4)
[OK] shot_chart_player
[CALL] common_player_info (attempt 1/4)
[OK] common_player_info
[CALL] player_game_log (attempt 1/4)
[OK] player_game_log
[CALL] player_career (attempt 1/4)
[OK] player_career
[CALL] player_on_off (attempt 1/4)
[WARN] player_on_off: TeamPlayerOnOffSummary.__init__() missing 1 required positional argument: 'team_id'
[CALL] shot_chart_player (attempt 1/4)
[OK] shot_chart_player
[CALL] common_player_info (attempt 1/4)
[OK] common_player_info
[CALL] player_game_log (attempt 1/4)
[OK] player_game_log
[CALL] player_career (attempt 1/4)
[OK] player_career
[CALL] player_on_off (attempt 1/4)
[WARN] player_on_off: TeamPlayerOnOffSummary.__init__() missing 1 required positional argument: 'team_id'
[CALL] shot_chart_player (attempt 1/4)
[OK] shot_chart_player
[CALL] common_player_info (attempt 1/4)
[OK] common_player_info
[CALL] player_game_log (attempt 1/4)
[OK] player_game_log
[CALL] player_career (attempt 1/4)
[OK] player_career
[CALL] player_on_off (attempt 1/4)
[WARN] player_on_off: TeamPlayerOnOffSummary.__init__() missing 1 required positional argument: 'team_id'
[CALL] shot_chart_player (attempt 1/4)
[OK] shot_chart_player
[CALL] common_player_info (attempt 1/4)
[OK] common_player_info
[CALL] player_game_log (attempt 1/4)
[OK] player_game_log
[CALL] player_career (attempt 1/4)
[OK] player_career
[CALL] player_on_off (attempt 1/4)
[WARN] player_on_off: TeamPlayerOnOffSummary.__init__() missing 1 required positional argument: 'team_id'
[CALL] shot_chart_player (attempt 1/4)
[OK] shot_chart_player
[CALL] common_player_info (attempt 1/4)
[OK] common_player_info
[CALL] player_game_log (attempt 1/4)
[OK] player_game_log
[CALL] player_career (attempt 1/4)
[OK] player_career
[CALL] player_on_off (attempt 1/4)
[WARN] player_on_off: TeamPlayerOnOffSummary.__init__() missing 1 required positional argument: 'team_id'
[CALL] shot_chart_player (attempt 1/4)
[OK] shot_chart_player
[CALL] common_player_info (attempt 1/4)
[OK] common_player_info
[CALL] player_game_log (attempt 1/4)
[OK] player_game_log
[CALL] player_career (attempt 1/4)
[OK] player_career
[CALL] player_on_off (attempt 1/4)
[WARN] player_on_off: TeamPlayerOnOffSummary.__init__() missing 1 required positional argument: 'team_id'
[CALL] shot_chart_player (attempt 1/4)
[OK] shot_chart_player
[CALL] common_player_info (attempt 1/4)
[OK] common_player_info
[CALL] player_game_log (attempt 1/4)
[OK] player_game_log
[CALL] player_career (attempt 1/4)
[OK] player_career
[CALL] player_on_off (attempt 1/4)
[WARN] player_on_off: TeamPlayerOnOffSummary.__init__() missing 1 required positional argument: 'team_id'
[CALL] shot_chart_player (attempt 1/4)
[OK] shot_chart_player
[CALL] common_player_info (attempt 1/4)
[OK] common_player_info
[CALL] player_game_log (attempt 1/4)
[OK] player_game_log
[CALL] player_career (attempt 1/4)
[OK] player_career
[CALL] player_on_off (attempt 1/4)
[WARN] player_on_off: TeamPlayerOnOffSummary.__init__() missing 1 required positional argument: 'team_id'
[CALL] shot_chart_player (attempt 1/4)
[OK] shot_chart_player
[CALL] common_player_info (attempt 1/4)
[OK] common_player_info
[CALL] player_game_log (attempt 1/4)
[OK] player_game_log
[CALL] player_career (attempt 1/4)
[OK] player_career
[CALL] player_on_off (attempt 1/4)
[WARN] player_on_off: TeamPlayerOnOffSummary.__init__() missing 1 required positional argument: 'team_id'
[CALL] shot_chart_player (attempt 1/4)
[OK] shot_chart_player
[CALL] common_player_info (attempt 1/4)
[OK] common_player_info
[CALL] player_game_log (attempt 1/4)
[OK] player_game_log
[CALL] player_career (attempt 1/4)
[OK] player_career
[CALL] player_on_off (attempt 1/4)
[WARN] player_on_off: TeamPlayerOnOffSummary.__init__() missing 1 required positional argument: 'team_id'
[CALL] shot_chart_player (attempt 1/4)
[OK] shot_chart_player
[CALL] common_player_info (attempt 1/4)
[OK] common_player_info
[CALL] player_game_log (attempt 1/4)
[OK] player_game_log
[CALL] player_career (attempt 1/4)
[OK] player_career
[CALL] player_on_off (attempt 1/4)
[WARN] player_on_off: TeamPlayerOnOffSummary.__init__() missing 1 required positional argument: 'team_id'
[CALL] shot_chart_player (attempt 1/4)
[OK] shot_chart_player
[CALL] common_player_info (attempt 1/4)
[OK] common_player_info
[CALL] player_game_log (attempt 1/4)
[OK] player_game_log
[CALL] player_career (attempt 1/4)
[OK] player_career
[CALL] player_on_off (attempt 1/4)
[WARN] player_on_off: TeamPlayerOnOffSummary.__init__() missing 1 required positional argument: 'team_id'
[CALL] shot_chart_player (attempt 1/4)
[OK] shot_chart_player
[CALL] common_player_info (attempt 1/4)
[OK] common_player_info
[CALL] player_game_log (attempt 1/4)
[OK] player_game_log
[CALL] player_career (attempt 1/4)
[OK] player_career
[CALL] player_on_off (attempt 1/4)
[WARN] player_on_off: TeamPlayerOnOffSummary.__init__() missing 1 required positional argument: 'team_id'
[CALL] shot_chart_player (attempt 1/4)
[OK] shot_chart_player
[CALL] common_player_info (attempt 1/4)
[OK] common_player_info
[CALL] player_game_log (attempt 1/4)
[OK] player_game_log
[CALL] player_career (attempt 1/4)
[OK] player_career
[CALL] player_on_off (attempt 1/4)
[WARN] player_on_off: TeamPlayerOnOffSummary.__init__() missing 1 required positional argument: 'team_id'
[CALL] shot_chart_player (attempt 1/4)
[OK] shot_chart_player
[CALL] common_player_info (attempt 1/4)
[OK] common_player_info
[CALL] player_game_log (attempt 1/4)
[OK] player_game_log
[CALL] player_career (attempt 1/4)
[OK] player_career
[CALL] player_on_off (attempt 1/4)
[WARN] player_on_off: TeamPlayerOnOffSummary.__init__() missing 1 required positional argument: 'team_id'
[CALL] shot_chart_player (attempt 1/4)
[OK] shot_chart_player
[CALL] common_player_info (attempt 1/4)
[OK] common_player_info
[CALL] player_game_log (attempt 1/4)
[OK] player_game_log
[CALL] player_career (attempt 1/4)
[OK] player_career
[CALL] player_on_off (attempt 1/4)
[WARN] player_on_off: TeamPlayerOnOffSummary.__init__() missing 1 required positional argument: 'team_id'
[CALL] shot_chart_player (attempt 1/4)
[OK] shot_chart_player
[CALL] common_player_info (attempt 1/4)
[OK] common_player_info
[CALL] player_game_log (attempt 1/4)
[OK] player_game_log
[CALL] player_career (attempt 1/4)
[OK] player_career
[CALL] player_on_off (attempt 1/4)
[WARN] player_on_off: TeamPlayerOnOffSummary.__init__() missing 1 required positional argument: 'team_id'
[CALL] shot_chart_player (attempt 1/4)
[OK] shot_chart_player
[CALL] common_player_info (attempt 1/4)
[OK] common_player_info
[CALL] player_game_log (attempt 1/4)
[OK] player_game_log
[CALL] player_career (attempt 1/4)
[OK] player_career
[CALL] player_on_off (attempt 1/4)
[WARN] player_on_off: TeamPlayerOnOffSummary.__init__() missing 1 required positional argument: 'team_id'
[CALL] shot_chart_player (attempt 1/4)
[OK] shot_chart_player
[CALL] common_player_info (attempt 1/4)
[OK] common_player_info
[CALL] player_game_log (attempt 1/4)
[OK] player_game_log
[CALL] player_career (attempt 1/4)
[OK] player_career
[CALL] player_on_off (attempt 1/4)
[WARN] player_on_off: TeamPlayerOnOffSummary.__init__() missing 1 required positional argument: 'team_id'
[CALL] shot_chart_player (attempt 1/4)
[OK] shot_chart_player
[CALL] common_player_info (attempt 1/4)
[OK] common_player_info
[CALL] player_game_log (attempt 1/4)
[OK] player_game_log
[CALL] player_career (attempt 1/4)
[OK] player_career
[CALL] player_on_off (attempt 1/4)
[WARN] player_on_off: TeamPlayerOnOffSummary.__init__() missing 1 required positional argument: 'team_id'
[CALL] shot_chart_player (attempt 1/4)
[OK] shot_chart_player
[CALL] common_player_info (attempt 1/4)
[OK] common_player_info
[CALL] player_game_log (attempt 1/4)
[OK] player_game_log
[CALL] player_career (attempt 1/4)
[OK] player_career
[CALL] player_on_off (attempt 1/4)
[WARN] player_on_off: TeamPlayerOnOffSummary.__init__() missing 1 required positional argument: 'team_id'
[CALL] shot_chart_player (attempt 1/4)
[OK] shot_chart_player
[CALL] common_player_info (attempt 1/4)
[OK] common_player_info
[CALL] player_game_log (attempt 1/4)
[OK] player_game_log
[CALL] player_career (attempt 1/4)
[OK] player_career
[CALL] player_on_off (attempt 1/4)
[WARN] player_on_off: TeamPlayerOnOffSummary.__init__() missing 1 required positional argument: 'team_id'
[CALL] shot_chart_player (attempt 1/4)
[OK] shot_chart_player
[CALL] common_player_info (attempt 1/4)
[OK] common_player_info
[CALL] player_game_log (attempt 1/4)
[OK] player_game_log
[CALL] player_career (attempt 1/4)
[OK] player_career
[CALL] player_on_off (attempt 1/4)
[WARN] player_on_off: TeamPlayerOnOffSummary.__init__() missing 1 required positional argument: 'team_id'
[CALL] shot_chart_player (attempt 1/4)
[OK] shot_chart_player
[CALL] common_player_info (attempt 1/4)
[OK] common_player_info
[CALL] player_game_log (attempt 1/4)
[OK] player_game_log
[CALL] player_career (attempt 1/4)
[OK] player_career
[CALL] player_on_off (attempt 1/4)
[WARN] player_on_off: TeamPlayerOnOffSummary.__init__() missing 1 required positional argument: 'team_id'
[CALL] shot_chart_player (attempt 1/4)
[OK] shot_chart_player
[CALL] common_player_info (attempt 1/4)
[OK] common_player_info
[CALL] player_game_log (attempt 1/4)
[OK] player_game_log
[CALL] player_career (attempt 1/4)
[WARN] player_career: 'resultSet'
[CALL] player_on_off (attempt 1/4)
[WARN] player_on_off: TeamPlayerOnOffSummary.__init__() missing 1 required positional argument: 'team_id'
[CALL] shot_chart_player (attempt 1/4)
[OK] shot_chart_player
[CALL] common_player_info (attempt 1/4)
[OK] common_player_info
[CALL] player_game_log (attempt 1/4)
[OK] player_game_log
[CALL] player_career (attempt 1/4)
[OK] player_career
[CALL] player_on_off (attempt 1/4)
[WARN] player_on_off: TeamPlayerOnOffSummary.__init__() missing 1 required positional argument: 'team_id'
[CALL] shot_chart_player (attempt 1/4)
[OK] shot_chart_player
[CALL] common_player_info (attempt 1/4)
[OK] common_player_info
[CALL] player_game_log (attempt 1/4)
[OK] player_game_log
[CALL] player_career (attempt 1/4)
[OK] player_career
[CALL] player_on_off (attempt 1/4)
[WARN] player_on_off: TeamPlayerOnOffSummary.__init__() missing 1 required positional argument: 'team_id'
[CALL] shot_chart_player (attempt 1/4)
[OK] shot_chart_player
[CALL] common_player_info (attempt 1/4)
[OK] common_player_info
[CALL] player_game_log (attempt 1/4)
[OK] player_game_log
[CALL] player_career (attempt 1/4)
[OK] player_career
[CALL] player_on_off (attempt 1/4)
[WARN] player_on_off: TeamPlayerOnOffSummary.__init__() missing 1 required positional argument: 'team_id'
[CALL] shot_chart_player (attempt 1/4)
[OK] shot_chart_player
[CALL] common_player_info (attempt 1/4)
[OK] common_player_info
[CALL] player_game_log (attempt 1/4)
[OK] player_game_log
[CALL] player_career (attempt 1/4)
[OK] player_career
[CALL] player_on_off (attempt 1/4)
[WARN] player_on_off: TeamPlayerOnOffSummary.__init__() missing 1 required positional argument: 'team_id'
[CALL] shot_chart_player (attempt 1/4)
[OK] shot_chart_player
[CALL] common_player_info (attempt 1/4)
[OK] common_player_info
[CALL] player_game_log (attempt 1/4)
[OK] player_game_log
[CALL] player_career (attempt 1/4)
[OK] player_career
[CALL] player_on_off (attempt 1/4)
[WARN] player_on_off: TeamPlayerOnOffSummary.__init__() missing 1 required positional argument: 'team_id'
[CALL] shot_chart_player (attempt 1/4)
[OK] shot_chart_player
[CALL] common_player_info (attempt 1/4)
[OK] common_player_info
[CALL] player_game_log (attempt 1/4)
[OK] player_game_log
[CALL] player_career (attempt 1/4)
[OK] player_career
[CALL] player_on_off (attempt 1/4)
[WARN] player_on_off: TeamPlayerOnOffSummary.__init__() missing 1 required positional argument: 'team_id'
[CALL] shot_chart_player (attempt 1/4)
[OK] shot_chart_player
[CALL] common_player_info (attempt 1/4)
[OK] common_player_info
[CALL] player_game_log (attempt 1/4)
[OK] player_game_log
[CALL] player_career (attempt 1/4)
[OK] player_career
[CALL] player_on_off (attempt 1/4)
[WARN] player_on_off: TeamPlayerOnOffSummary.__init__() missing 1 required positional argument: 'team_id'
[CALL] shot_chart_player (attempt 1/4)
[OK] shot_chart_player
[CALL] common_player_info (attempt 1/4)
[OK] common_player_info
[CALL] player_game_log (attempt 1/4)
[OK] player_game_log
[CALL] player_career (attempt 1/4)
[OK] player_career
[CALL] player_on_off (attempt 1/4)
[WARN] player_on_off: TeamPlayerOnOffSummary.__init__() missing 1 required positional argument: 'team_id'
[CALL] shot_chart_player (attempt 1/4)
[OK] shot_chart_player
[CALL] common_player_info (attempt 1/4)
[OK] common_player_info
[CALL] player_game_log (attempt 1/4)
[OK] player_game_log
[CALL] player_career (attempt 1/4)
[OK] player_career
[CALL] player_on_off (attempt 1/4)
[WARN] player_on_off: TeamPlayerOnOffSummary.__init__() missing 1 required positional argument: 'team_id'
[CALL] shot_chart_player (attempt 1/4)
[OK] shot_chart_player
[CALL] common_player_info (attempt 1/4)
[OK] common_player_info
[CALL] player_game_log (attempt 1/4)
[OK] player_game_log
[CALL] player_career (attempt 1/4)
[OK] player_career
[CALL] player_on_off (attempt 1/4)
[WARN] player_on_off: TeamPlayerOnOffSummary.__init__() missing 1 required positional argument: 'team_id'
[CALL] shot_chart_player (attempt 1/4)
[OK] shot_chart_player
[CALL] common_player_info (attempt 1/4)
[OK] common_player_info
[CALL] player_game_log (attempt 1/4)
[OK] player_game_log
[CALL] player_career (attempt 1/4)
[OK] player_career
[CALL] player_on_off (attempt 1/4)
[WARN] player_on_off: TeamPlayerOnOffSummary.__init__() missing 1 required positional argument: 'team_id'
[CALL] shot_chart_player (attempt 1/4)
[OK] shot_chart_player
[CALL] common_player_info (attempt 1/4)
[OK] common_player_info
[CALL] player_game_log (attempt 1/4)
[OK] player_game_log
[CALL] player_career (attempt 1/4)
[OK] player_career
[CALL] player_on_off (attempt 1/4)
[WARN] player_on_off: TeamPlayerOnOffSummary.__init__() missing 1 required positional argument: 'team_id'
[CALL] shot_chart_player (attempt 1/4)
[OK] shot_chart_player
[CALL] common_player_info (attempt 1/4)
[OK] common_player_info
[CALL] player_game_log (attempt 1/4)
[OK] player_game_log
[CALL] player_career (attempt 1/4)
[OK] player_career
[CALL] player_on_off (attempt 1/4)
[WARN] player_on_off: TeamPlayerOnOffSummary.__init__() missing 1 required positional argument: 'team_id'
[CALL] shot_chart_player (attempt 1/4)
[OK] shot_chart_player
[CALL] common_player_info (attempt 1/4)
[OK] common_player_info
[CALL] player_game_log (attempt 1/4)
[OK] player_game_log
[CALL] player_career (attempt 1/4)
[OK] player_career
[CALL] player_on_off (attempt 1/4)
[WARN] player_on_off: TeamPlayerOnOffSummary.__init__() missing 1 required positional argument: 'team_id'
[CALL] shot_chart_player (attempt 1/4)
[OK] shot_chart_player
[CALL] common_player_info (attempt 1/4)
[OK] common_player_info
[CALL] player_game_log (attempt 1/4)
[OK] player_game_log
[CALL] player_career (attempt 1/4)
[OK] player_career
[CALL] player_on_off (attempt 1/4)
[WARN] player_on_off: TeamPlayerOnOffSummary.__init__() missing 1 required positional argument: 'team_id'
[CALL] shot_chart_player (attempt 1/4)
[OK] shot_chart_player
[CALL] common_player_info (attempt 1/4)
[OK] common_player_info
[CALL] player_game_log (attempt 1/4)
[OK] player_game_log
[CALL] player_career (attempt 1/4)
[OK] player_career
[CALL] player_on_off (attempt 1/4)
[WARN] player_on_off: TeamPlayerOnOffSummary.__init__() missing 1 required positional argument: 'team_id'
[CALL] shot_chart_player (attempt 1/4)
[OK] shot_chart_player
[CALL] common_player_info (attempt 1/4)
[OK] common_player_info
[CALL] player_game_log (attempt 1/4)
[OK] player_game_log
[CALL] player_career (attempt 1/4)
[OK] player_career
[CALL] player_on_off (attempt 1/4)
[WARN] player_on_off: TeamPlayerOnOffSummary.__init__() missing 1 required positional argument: 'team_id'
[CALL] shot_chart_player (attempt 1/4)
[OK] shot_chart_player
[CALL] common_player_info (attempt 1/4)
[OK] common_player_info
[CALL] player_game_log (attempt 1/4)
[OK] player_game_log
[CALL] player_career (attempt 1/4)
[OK] player_career
[CALL] player_on_off (attempt 1/4)
[WARN] player_on_off: TeamPlayerOnOffSummary.__init__() missing 1 required positional argument: 'team_id'
[CALL] shot_chart_player (attempt 1/4)
[OK] shot_chart_player
[CALL] common_player_info (attempt 1/4)
[OK] common_player_info
[CALL] player_game_log (attempt 1/4)
[OK] player_game_log
[CALL] player_career (attempt 1/4)
[OK] player_career
[CALL] player_on_off (attempt 1/4)
[WARN] player_on_off: TeamPlayerOnOffSummary.__init__() missing 1 required positional argument: 'team_id'
[CALL] shot_chart_player (attempt 1/4)
[OK] shot_chart_player
[CALL] common_player_info (attempt 1/4)
[OK] common_player_info
[CALL] player_game_log (attempt 1/4)
[OK] player_game_log
[CALL] player_career (attempt 1/4)
[OK] player_career
[CALL] player_on_off (attempt 1/4)
[WARN] player_on_off: TeamPlayerOnOffSummary.__init__() missing 1 required positional argument: 'team_id'
[CALL] shot_chart_player (attempt 1/4)
[OK] shot_chart_player
[CALL] common_player_info (attempt 1/4)
[OK] common_player_info
[CALL] player_game_log (attempt 1/4)
[OK] player_game_log
[CALL] player_career (attempt 1/4)
[OK] player_career
[CALL] player_on_off (attempt 1/4)
[WARN] player_on_off: TeamPlayerOnOffSummary.__init__() missing 1 required positional argument: 'team_id'
[CALL] shot_chart_player (attempt 1/4)
[OK] shot_chart_player
[CALL] common_player_info (attempt 1/4)
[OK] common_player_info
[CALL] player_game_log (attempt 1/4)
[OK] player_game_log
[CALL] player_career (attempt 1/4)
[OK] player_career
[CALL] player_on_off (attempt 1/4)
[WARN] player_on_off: TeamPlayerOnOffSummary.__init__() missing 1 required positional argument: 'team_id'
[CALL] shot_chart_player (attempt 1/4)
[OK] shot_chart_player
[CALL] common_player_info (attempt 1/4)
[OK] common_player_info
[CALL] player_game_log (attempt 1/4)
[OK] player_game_log
[CALL] player_career (attempt 1/4)
[OK] player_career
[CALL] player_on_off (attempt 1/4)
[WARN] player_on_off: TeamPlayerOnOffSummary.__init__() missing 1 required positional argument: 'team_id'
[CALL] shot_chart_player (attempt 1/4)
[OK] shot_chart_player
[CALL] common_player_info (attempt 1/4)
[OK] common_player_info
[CALL] player_game_log (attempt 1/4)
[OK] player_game_log
[CALL] player_career (attempt 1/4)
[OK] player_career
[CALL] player_on_off (attempt 1/4)
[WARN] player_on_off: TeamPlayerOnOffSummary.__init__() missing 1 required positional argument: 'team_id'
[CALL] shot_chart_player (attempt 1/4)
[OK] shot_chart_player
[CALL] common_player_info (attempt 1/4)
[OK] common_player_info
[CALL] player_game_log (attempt 1/4)
[OK] player_game_log
[CALL] player_career (attempt 1/4)
[OK] player_career
[CALL] player_on_off (attempt 1/4)
[WARN] player_on_off: TeamPlayerOnOffSummary.__init__() missing 1 required positional argument: 'team_id'
[CALL] shot_chart_player (attempt 1/4)
[OK] shot_chart_player
[CALL] common_player_info (attempt 1/4)
[OK] common_player_info
[CALL] player_game_log (attempt 1/4)
[OK] player_game_log
[CALL] player_career (attempt 1/4)
[OK] player_career
[CALL] player_on_off (attempt 1/4)
[WARN] player_on_off: TeamPlayerOnOffSummary.__init__() missing 1 required positional argument: 'team_id'
[CALL] shot_chart_player (attempt 1/4)
[OK] shot_chart_player
[CALL] common_player_info (attempt 1/4)
[OK] common_player_info
[CALL] player_game_log (attempt 1/4)
[OK] player_game_log
[CALL] player_career (attempt 1/4)
[OK] player_career
[CALL] player_on_off (attempt 1/4)
[WARN] player_on_off: TeamPlayerOnOffSummary.__init__() missing 1 required positional argument: 'team_id'
[CALL] shot_chart_player (attempt 1/4)
[OK] shot_chart_player
[CALL] common_player_info (attempt 1/4)
[OK] common_player_info
[CALL] player_game_log (attempt 1/4)
[OK] player_game_log
[CALL] player_career (attempt 1/4)
[OK] player_career
[CALL] player_on_off (attempt 1/4)
[WARN] player_on_off: TeamPlayerOnOffSummary.__init__() missing 1 required positional argument: 'team_id'
[CALL] shot_chart_player (attempt 1/4)
[OK] shot_chart_player
[CALL] common_player_info (attempt 1/4)
[OK] common_player_info
[CALL] player_game_log (attempt 1/4)
[OK] player_game_log
[CALL] player_career (attempt 1/4)
[OK] player_career
[CALL] player_on_off (attempt 1/4)
[WARN] player_on_off: TeamPlayerOnOffSummary.__init__() missing 1 required positional argument: 'team_id'
[CALL] shot_chart_player (attempt 1/4)
[OK] shot_chart_player
[CALL] common_player_info (attempt 1/4)
[OK] common_player_info
[CALL] player_game_log (attempt 1/4)
[OK] player_game_log
[CALL] player_career (attempt 1/4)
[OK] player_career
[CALL] player_on_off (attempt 1/4)
[WARN] player_on_off: TeamPlayerOnOffSummary.__init__() missing 1 required positional argument: 'team_id'
[CALL] shot_chart_player (attempt 1/4)
[OK] shot_chart_player
[CALL] common_player_info (attempt 1/4)
[OK] common_player_info
[CALL] player_game_log (attempt 1/4)
[OK] player_game_log
[CALL] player_career (attempt 1/4)
[WARN] player_career: 'resultSet'
[CALL] player_on_off (attempt 1/4)
[WARN] player_on_off: TeamPlayerOnOffSummary.__init__() missing 1 required positional argument: 'team_id'
[CALL] shot_chart_player (attempt 1/4)
[OK] shot_chart_player
[CALL] common_player_info (attempt 1/4)
[OK] common_player_info
[CALL] player_game_log (attempt 1/4)
[OK] player_game_log
[CALL] player_career (attempt 1/4)
[OK] player_career
[CALL] player_on_off (attempt 1/4)
[WARN] player_on_off: TeamPlayerOnOffSummary.__init__() missing 1 required positional argument: 'team_id'
[CALL] shot_chart_player (attempt 1/4)
[OK] shot_chart_player
[CALL] common_player_info (attempt 1/4)
[OK] common_player_info
[CALL] player_game_log (attempt 1/4)
[OK] player_game_log
[CALL] player_career (attempt 1/4)
[OK] player_career
[CALL] player_on_off (attempt 1/4)
[WARN] player_on_off: TeamPlayerOnOffSummary.__init__() missing 1 required positional argument: 'team_id'
[CALL] shot_chart_player (attempt 1/4)
[OK] shot_chart_player
[CALL] common_player_info (attempt 1/4)
[OK] common_player_info
[CALL] player_game_log (attempt 1/4)
[OK] player_game_log
[CALL] player_career (attempt 1/4)
[OK] player_career
[CALL] player_on_off (attempt 1/4)
[WARN] player_on_off: TeamPlayerOnOffSummary.__init__() missing 1 required positional argument: 'team_id'
[CALL] shot_chart_player (attempt 1/4)
[OK] shot_chart_player
[CALL] common_player_info (attempt 1/4)
[OK] common_player_info
[CALL] player_game_log (attempt 1/4)
[OK] player_game_log
[CALL] player_career (attempt 1/4)
[OK] player_career
[CALL] player_on_off (attempt 1/4)
[WARN] player_on_off: TeamPlayerOnOffSummary.__init__() missing 1 required positional argument: 'team_id'
[CALL] shot_chart_player (attempt 1/4)
[OK] shot_chart_player
[CALL] common_player_info (attempt 1/4)
[OK] common_player_info
[CALL] player_game_log (attempt 1/4)
[OK] player_game_log
[CALL] player_career (attempt 1/4)
[OK] player_career
[CALL] player_on_off (attempt 1/4)
[WARN] player_on_off: TeamPlayerOnOffSummary.__init__() missing 1 required positional argument: 'team_id'
[CALL] shot_chart_player (attempt 1/4)
[OK] shot_chart_player
[CALL] common_player_info (attempt 1/4)
[OK] common_player_info
[CALL] player_game_log (attempt 1/4)
[OK] player_game_log
[CALL] player_career (attempt 1/4)
[OK] player_career
[CALL] player_on_off (attempt 1/4)
[WARN] player_on_off: TeamPlayerOnOffSummary.__init__() missing 1 required positional argument: 'team_id'
[CALL] shot_chart_player (attempt 1/4)
[OK] shot_chart_player
[CALL] common_player_info (attempt 1/4)
[OK] common_player_info
[CALL] player_game_log (attempt 1/4)
[OK] player_game_log
[CALL] player_career (attempt 1/4)
[OK] player_career
[CALL] player_on_off (attempt 1/4)
[WARN] player_on_off: TeamPlayerOnOffSummary.__init__() missing 1 required positional argument: 'team_id'
[CALL] shot_chart_player (attempt 1/4)
[OK] shot_chart_player
[CALL] common_player_info (attempt 1/4)
[OK] common_player_info
[CALL] player_game_log (attempt 1/4)
[OK] player_game_log
[CALL] player_career (attempt 1/4)
[WARN] player_career: 'resultSet'
[CALL] player_on_off (attempt 1/4)
[WARN] player_on_off: TeamPlayerOnOffSummary.__init__() missing 1 required positional argument: 'team_id'
[CALL] shot_chart_player (attempt 1/4)
[OK] shot_chart_player
[CALL] common_player_info (attempt 1/4)
[OK] common_player_info
[CALL] player_game_log (attempt 1/4)
[OK] player_game_log
[CALL] player_career (attempt 1/4)
[OK] player_career
[CALL] player_on_off (attempt 1/4)
[WARN] player_on_off: TeamPlayerOnOffSummary.__init__() missing 1 required positional argument: 'team_id'
[CALL] shot_chart_player (attempt 1/4)
[OK] shot_chart_player
[CALL] common_player_info (attempt 1/4)
[OK] common_player_info
[CALL] player_game_log (attempt 1/4)
[OK] player_game_log
[CALL] player_career (attempt 1/4)
[OK] player_career
[CALL] player_on_off (attempt 1/4)
[WARN] player_on_off: TeamPlayerOnOffSummary.__init__() missing 1 required positional argument: 'team_id'
[CALL] shot_chart_player (attempt 1/4)
[OK] shot_chart_player
[CALL] common_player_info (attempt 1/4)
[OK] common_player_info
[CALL] player_game_log (attempt 1/4)
[OK] player_game_log
[CALL] player_career (attempt 1/4)
[OK] player_career
[CALL] player_on_off (attempt 1/4)
[WARN] player_on_off: TeamPlayerOnOffSummary.__init__() missing 1 required positional argument: 'team_id'
[CALL] shot_chart_player (attempt 1/4)
[OK] shot_chart_player
[CALL] common_player_info (attempt 1/4)
[OK] common_player_info
[CALL] player_game_log (attempt 1/4)
[OK] player_game_log
[CALL] player_career (attempt 1/4)
[OK] player_career
[CALL] player_on_off (attempt 1/4)
[WARN] player_on_off: TeamPlayerOnOffSummary.__init__() missing 1 required positional argument: 'team_id'
[CALL] shot_chart_player (attempt 1/4)
[OK] shot_chart_player
[CALL] common_player_info (attempt 1/4)
[OK] common_player_info
[CALL] player_game_log (attempt 1/4)
[OK] player_game_log
[CALL] player_career (attempt 1/4)
[OK] player_career
[CALL] player_on_off (attempt 1/4)
[WARN] player_on_off: TeamPlayerOnOffSummary.__init__() missing 1 required positional argument: 'team_id'
[CALL] shot_chart_player (attempt 1/4)
[OK] shot_chart_player
[CALL] common_player_info (attempt 1/4)
[OK] common_player_info
[CALL] player_game_log (attempt 1/4)
[OK] player_game_log
[CALL] player_career (attempt 1/4)
[OK] player_career
[CALL] player_on_off (attempt 1/4)
[WARN] player_on_off: TeamPlayerOnOffSummary.__init__() missing 1 required positional argument: 'team_id'
[CALL] shot_chart_player (attempt 1/4)
[OK] shot_chart_player
[CALL] common_player_info (attempt 1/4)
[OK] common_player_info
[CALL] player_game_log (attempt 1/4)
[OK] player_game_log
[CALL] player_career (attempt 1/4)
[OK] player_career
[CALL] player_on_off (attempt 1/4)
[WARN] player_on_off: TeamPlayerOnOffSummary.__init__() missing 1 required positional argument: 'team_id'
[CALL] shot_chart_player (attempt 1/4)
[OK] shot_chart_player
[CALL] common_player_info (attempt 1/4)
[OK] common_player_info
[CALL] player_game_log (attempt 1/4)
[OK] player_game_log
[CALL] player_career (attempt 1/4)
[OK] player_career
[CALL] player_on_off (attempt 1/4)
[WARN] player_on_off: TeamPlayerOnOffSummary.__init__() missing 1 required positional argument: 'team_id'
[CALL] shot_chart_player (attempt 1/4)
[OK] shot_chart_player
[CALL] common_player_info (attempt 1/4)
[OK] common_player_info
[CALL] player_game_log (attempt 1/4)
[OK] player_game_log
[CALL] player_career (attempt 1/4)
[OK] player_career
[CALL] player_on_off (attempt 1/4)
[WARN] player_on_off: TeamPlayerOnOffSummary.__init__() missing 1 required positional argument: 'team_id'
[CALL] shot_chart_player (attempt 1/4)
[OK] shot_chart_player
[CALL] common_player_info (attempt 1/4)
[OK] common_player_info
[CALL] player_game_log (attempt 1/4)
[OK] player_game_log
[CALL] player_career (attempt 1/4)
[WARN] player_career: 'resultSet'
[CALL] player_on_off (attempt 1/4)
[WARN] player_on_off: TeamPlayerOnOffSummary.__init__() missing 1 required positional argument: 'team_id'
[CALL] shot_chart_player (attempt 1/4)
[OK] shot_chart_player
[CALL] common_player_info (attempt 1/4)
[OK] common_player_info
[CALL] player_game_log (attempt 1/4)
[OK] player_game_log
[CALL] player_career (attempt 1/4)
[OK] player_career
[CALL] player_on_off (attempt 1/4)
[WARN] player_on_off: TeamPlayerOnOffSummary.__init__() missing 1 required positional argument: 'team_id'
[CALL] shot_chart_player (attempt 1/4)
[OK] shot_chart_player
[CALL] common_player_info (attempt 1/4)
[OK] common_player_info
[CALL] player_game_log (attempt 1/4)
[OK] player_game_log
[CALL] player_career (attempt 1/4)
[OK] player_career
[CALL] player_on_off (attempt 1/4)
[WARN] player_on_off: TeamPlayerOnOffSummary.__init__() missing 1 required positional argument: 'team_id'
[CALL] shot_chart_player (attempt 1/4)
[OK] shot_chart_player
[CALL] common_player_info (attempt 1/4)
[OK] common_player_info
[CALL] player_game_log (attempt 1/4)
[OK] player_game_log
[CALL] player_career (attempt 1/4)
[OK] player_career
[CALL] player_on_off (attempt 1/4)
[WARN] player_on_off: TeamPlayerOnOffSummary.__init__() missing 1 required positional argument: 'team_id'
[CALL] shot_chart_player (attempt 1/4)
[OK] shot_chart_player
[CALL] common_player_info (attempt 1/4)
[OK] common_player_info
[CALL] player_game_log (attempt 1/4)
[OK] player_game_log
[CALL] player_career (attempt 1/4)
[OK] player_career
[CALL] player_on_off (attempt 1/4)
[WARN] player_on_off: TeamPlayerOnOffSummary.__init__() missing 1 required positional argument: 'team_id'
[CALL] shot_chart_player (attempt 1/4)
[OK] shot_chart_player
[CALL] common_player_info (attempt 1/4)
[OK] common_player_info
[CALL] player_game_log (attempt 1/4)
[OK] player_game_log
[CALL] player_career (attempt 1/4)
[OK] player_career
[CALL] player_on_off (attempt 1/4)
[WARN] player_on_off: TeamPlayerOnOffSummary.__init__() missing 1 required positional argument: 'team_id'
[CALL] shot_chart_player (attempt 1/4)
[OK] shot_chart_player
[CALL] common_player_info (attempt 1/4)
[OK] common_player_info
[CALL] player_game_log (attempt 1/4)
[OK] player_game_log
[CALL] player_career (attempt 1/4)
[OK] player_career
[CALL] player_on_off (attempt 1/4)
[WARN] player_on_off: TeamPlayerOnOffSummary.__init__() missing 1 required positional argument: 'team_id'
[CALL] shot_chart_player (attempt 1/4)
[OK] shot_chart_player
[CALL] common_player_info (attempt 1/4)
[OK] common_player_info
[CALL] player_game_log (attempt 1/4)
[OK] player_game_log
[CALL] player_career (attempt 1/4)
[OK] player_career
[CALL] player_on_off (attempt 1/4)
[WARN] player_on_off: TeamPlayerOnOffSummary.__init__() missing 1 required positional argument: 'team_id'
[CALL] shot_chart_player (attempt 1/4)
[OK] shot_chart_player
[CALL] common_player_info (attempt 1/4)
[OK] common_player_info
[CALL] player_game_log (attempt 1/4)
[OK] player_game_log
[CALL] player_career (attempt 1/4)
[OK] player_career
[CALL] player_on_off (attempt 1/4)
[WARN] player_on_off: TeamPlayerOnOffSummary.__init__() missing 1 required positional argument: 'team_id'
[CALL] shot_chart_player (attempt 1/4)
[OK] shot_chart_player
[CALL] common_player_info (attempt 1/4)
[OK] common_player_info
[CALL] player_game_log (attempt 1/4)
[OK] player_game_log
[CALL] player_career (attempt 1/4)
[OK] player_career
[CALL] player_on_off (attempt 1/4)
[WARN] player_on_off: TeamPlayerOnOffSummary.__init__() missing 1 required positional argument: 'team_id'
[CALL] shot_chart_player (attempt 1/4)
[OK] shot_chart_player
[CALL] common_player_info (attempt 1/4)
[OK] common_player_info
[CALL] player_game_log (attempt 1/4)
[OK] player_game_log
[CALL] player_career (attempt 1/4)
[OK] player_career
[CALL] player_on_off (attempt 1/4)
[WARN] player_on_off: TeamPlayerOnOffSummary.__init__() missing 1 required positional argument: 'team_id'
[CALL] shot_chart_player (attempt 1/4)
[WARN] shot_chart_player: HTTPSConnectionPool(host='stats.nba.com', port=443): Read timed out. (read timeout=45)
[RETRY] shot_chart_player in 2.0s
[CALL] shot_chart_player (attempt 2/4)
[OK] shot_chart_player
[CALL] common_player_info (attempt 1/4)
[OK] common_player_info
[CALL] player_game_log (attempt 1/4)
[OK] player_game_log
[CALL] player_career (attempt 1/4)
[OK] player_career
[CALL] player_on_off (attempt 1/4)
[WARN] player_on_off: TeamPlayerOnOffSummary.__init__() missing 1 required positional argument: 'team_id'
[CALL] shot_chart_player (attempt 1/4)
[OK] shot_chart_player
[CALL] common_player_info (attempt 1/4)
[OK] common_player_info
[CALL] player_game_log (attempt 1/4)
[OK] player_game_log
[CALL] player_career (attempt 1/4)
[OK] player_career
[CALL] player_on_off (attempt 1/4)
[WARN] player_on_off: TeamPlayerOnOffSummary.__init__() missing 1 required positional argument: 'team_id'
[CALL] shot_chart_player (attempt 1/4)
[OK] shot_chart_player
[CALL] common_player_info (attempt 1/4)
[OK] common_player_info
[CALL] player_game_log (attempt 1/4)
[OK] player_game_log
[CALL] player_career (attempt 1/4)
[OK] player_career
[CALL] player_on_off (attempt 1/4)
[WARN] player_on_off: TeamPlayerOnOffSummary.__init__() missing 1 required positional argument: 'team_id'
[CALL] shot_chart_player (attempt 1/4)
[OK] shot_chart_player
[CALL] common_player_info (attempt 1/4)
[OK] common_player_info
[CALL] player_game_log (attempt 1/4)
[OK] player_game_log
[CALL] player_career (attempt 1/4)
[OK] player_career
[CALL] player_on_off (attempt 1/4)
[WARN] player_on_off: TeamPlayerOnOffSummary.__init__() missing 1 required positional argument: 'team_id'
[CALL] shot_chart_player (attempt 1/4)
[OK] shot_chart_player
[CALL] common_player_info (attempt 1/4)
[OK] common_player_info
[CALL] player_game_log (attempt 1/4)
[OK] player_game_log
[CALL] player_career (attempt 1/4)
[OK] player_career
[CALL] player_on_off (attempt 1/4)
[WARN] player_on_off: TeamPlayerOnOffSummary.__init__() missing 1 required positional argument: 'team_id'
[CALL] shot_chart_player (attempt 1/4)
[OK] shot_chart_player
[CALL] common_player_info (attempt 1/4)
[OK] common_player_info
[CALL] player_game_log (attempt 1/4)
[OK] player_game_log
[CALL] player_career (attempt 1/4)
[OK] player_career
[CALL] player_on_off (attempt 1/4)
[WARN] player_on_off: TeamPlayerOnOffSummary.__init__() missing 1 required positional argument: 'team_id'
[CALL] shot_chart_player (attempt 1/4)
[OK] shot_chart_player
[CALL] common_player_info (attempt 1/4)
[OK] common_player_info
[CALL] player_game_log (attempt 1/4)
[OK] player_game_log
[CALL] player_career (attempt 1/4)
[OK] player_career
[CALL] player_on_off (attempt 1/4)
[WARN] player_on_off: TeamPlayerOnOffSummary.__init__() missing 1 required positional argument: 'team_id'
[CALL] shot_chart_player (attempt 1/4)
[OK] shot_chart_player
[CALL] common_player_info (attempt 1/4)
[OK] common_player_info
[CALL] player_game_log (attempt 1/4)
[OK] player_game_log
[CALL] player_career (attempt 1/4)
[OK] player_career
[CALL] player_on_off (attempt 1/4)
[WARN] player_on_off: TeamPlayerOnOffSummary.__init__() missing 1 required positional argument: 'team_id'
[CALL] shot_chart_player (attempt 1/4)
[OK] shot_chart_player
[CALL] common_player_info (attempt 1/4)
[OK] common_player_info
[CALL] player_game_log (attempt 1/4)
[OK] player_game_log
[CALL] player_career (attempt 1/4)
[OK] player_career
[CALL] player_on_off (attempt 1/4)
[WARN] player_on_off: TeamPlayerOnOffSummary.__init__() missing 1 required positional argument: 'team_id'
[CALL] shot_chart_player (attempt 1/4)
[OK] shot_chart_player
[CALL] common_player_info (attempt 1/4)
[OK] common_player_info
[CALL] player_game_log (attempt 1/4)
[OK] player_game_log
[CALL] player_career (attempt 1/4)
[OK] player_career
[CALL] player_on_off (attempt 1/4)
[WARN] player_on_off: TeamPlayerOnOffSummary.__init__() missing 1 required positional argument: 'team_id'
[CALL] shot_chart_player (attempt 1/4)
[WARN] shot_chart_player: HTTPSConnectionPool(host='stats.nba.com', port=443): Read timed out. (read timeout=45)
[RETRY] shot_chart_player in 2.0s
[CALL] shot_chart_player (attempt 2/4)
[OK] shot_chart_player
[CALL] common_player_info (attempt 1/4)
[OK] common_player_info
[CALL] player_game_log (attempt 1/4)
[OK] player_game_log
[CALL] player_career (attempt 1/4)
[OK] player_career
[CALL] player_on_off (attempt 1/4)
[WARN] player_on_off: TeamPlayerOnOffSummary.__init__() missing 1 required positional argument: 'team_id'
[CALL] shot_chart_player (attempt 1/4)
[OK] shot_chart_player
[CALL] common_player_info (attempt 1/4)
[OK] common_player_info
[CALL] player_game_log (attempt 1/4)
[OK] player_game_log
[CALL] player_career (attempt 1/4)
[OK] player_career
[CALL] player_on_off (attempt 1/4)
[WARN] player_on_off: TeamPlayerOnOffSummary.__init__() missing 1 required positional argument: 'team_id'
[CALL] shot_chart_player (attempt 1/4)
[OK] shot_chart_player
[CALL] common_player_info (attempt 1/4)
[OK] common_player_info
[CALL] player_game_log (attempt 1/4)
[OK] player_game_log
[CALL] player_career (attempt 1/4)
[OK] player_career
[CALL] player_on_off (attempt 1/4)
[WARN] player_on_off: TeamPlayerOnOffSummary.__init__() missing 1 required positional argument: 'team_id'
[CALL] shot_chart_player (attempt 1/4)
[OK] shot_chart_player
[CALL] common_player_info (attempt 1/4)
[OK] common_player_info
[CALL] player_game_log (attempt 1/4)
[OK] player_game_log
[CALL] player_career (attempt 1/4)
[OK] player_career
[CALL] player_on_off (attempt 1/4)
[WARN] player_on_off: TeamPlayerOnOffSummary.__init__() missing 1 required positional argument: 'team_id'
[CALL] shot_chart_player (attempt 1/4)
[OK] shot_chart_player
[CALL] common_player_info (attempt 1/4)
[OK] common_player_info
[CALL] player_game_log (attempt 1/4)
[OK] player_game_log
[CALL] player_career (attempt 1/4)
[OK] player_career
[CALL] player_on_off (attempt 1/4)
[WARN] player_on_off: TeamPlayerOnOffSummary.__init__() missing 1 required positional argument: 'team_id'
[CALL] shot_chart_player (attempt 1/4)
[OK] shot_chart_player
[CALL] common_player_info (attempt 1/4)
[OK] common_player_info
[CALL] player_game_log (attempt 1/4)
[OK] player_game_log
[CALL] player_career (attempt 1/4)
[OK] player_career
[CALL] player_on_off (attempt 1/4)
[WARN] player_on_off: TeamPlayerOnOffSummary.__init__() missing 1 required positional argument: 'team_id'
[CALL] shot_chart_player (attempt 1/4)
[OK] shot_chart_player
[CALL] common_player_info (attempt 1/4)
[OK] common_player_info
[CALL] player_game_log (attempt 1/4)
[OK] player_game_log
[CALL] player_career (attempt 1/4)
[WARN] player_career: 'resultSet'
[CALL] player_on_off (attempt 1/4)
[WARN] player_on_off: TeamPlayerOnOffSummary.__init__() missing 1 required positional argument: 'team_id'
[CALL] shot_chart_player (attempt 1/4)
[OK] shot_chart_player
[CALL] common_player_info (attempt 1/4)
[OK] common_player_info
[CALL] player_game_log (attempt 1/4)
[OK] player_game_log
[CALL] player_career (attempt 1/4)
[OK] player_career
[CALL] player_on_off (attempt 1/4)
[WARN] player_on_off: TeamPlayerOnOffSummary.__init__() missing 1 required positional argument: 'team_id'
[CALL] shot_chart_player (attempt 1/4)
[OK] shot_chart_player
[CALL] common_player_info (attempt 1/4)
[OK] common_player_info
[CALL] player_game_log (attempt 1/4)
[OK] player_game_log
[CALL] player_career (attempt 1/4)
[OK] player_career
[CALL] player_on_off (attempt 1/4)
[WARN] player_on_off: TeamPlayerOnOffSummary.__init__() missing 1 required positional argument: 'team_id'
[CALL] shot_chart_player (attempt 1/4)
[OK] shot_chart_player
[CALL] common_player_info (attempt 1/4)
[OK] common_player_info
[CALL] player_game_log (attempt 1/4)
[OK] player_game_log
[CALL] player_career (attempt 1/4)
[OK] player_career
[CALL] player_on_off (attempt 1/4)
[WARN] player_on_off: TeamPlayerOnOffSummary.__init__() missing 1 required positional argument: 'team_id'
[CALL] shot_chart_player (attempt 1/4)
[OK] shot_chart_player
[CALL] common_player_info (attempt 1/4)
[OK] common_player_info
[CALL] player_game_log (attempt 1/4)
[OK] player_game_log
[CALL] player_career (attempt 1/4)
[OK] player_career
[CALL] player_on_off (attempt 1/4)
[WARN] player_on_off: TeamPlayerOnOffSummary.__init__() missing 1 required positional argument: 'team_id'
[CALL] shot_chart_player (attempt 1/4)
[OK] shot_chart_player
[CALL] common_player_info (attempt 1/4)
[OK] common_player_info
[CALL] player_game_log (attempt 1/4)
[OK] player_game_log
[CALL] player_career (attempt 1/4)
[OK] player_career
[CALL] player_on_off (attempt 1/4)
[WARN] player_on_off: TeamPlayerOnOffSummary.__init__() missing 1 required positional argument: 'team_id'
[CALL] shot_chart_player (attempt 1/4)
[OK] shot_chart_player
[CALL] common_player_info (attempt 1/4)
[OK] common_player_info
[CALL] player_game_log (attempt 1/4)
[OK] player_game_log
[CALL] player_career (attempt 1/4)
[OK] player_career
[CALL] player_on_off (attempt 1/4)
[WARN] player_on_off: TeamPlayerOnOffSummary.__init__() missing 1 required positional argument: 'team_id'
[CALL] shot_chart_player (attempt 1/4)
[OK] shot_chart_player
[CALL] common_player_info (attempt 1/4)
[OK] common_player_info
[CALL] player_game_log (attempt 1/4)
[OK] player_game_log
[CALL] player_career (attempt 1/4)
[OK] player_career
[CALL] player_on_off (attempt 1/4)
[WARN] player_on_off: TeamPlayerOnOffSummary.__init__() missing 1 required positional argument: 'team_id'
[CALL] shot_chart_player (attempt 1/4)
[OK] shot_chart_player
[CALL] common_player_info (attempt 1/4)
[OK] common_player_info
[CALL] player_game_log (attempt 1/4)
[OK] player_game_log
[CALL] player_career (attempt 1/4)
[OK] player_career
[CALL] player_on_off (attempt 1/4)
[WARN] player_on_off: TeamPlayerOnOffSummary.__init__() missing 1 required positional argument: 'team_id'
[CALL] shot_chart_player (attempt 1/4)
[OK] shot_chart_player
[CALL] common_player_info (attempt 1/4)
[OK] common_player_info
[CALL] player_game_log (attempt 1/4)
[OK] player_game_log
[CALL] player_career (attempt 1/4)
[OK] player_career
[CALL] player_on_off (attempt 1/4)
[WARN] player_on_off: TeamPlayerOnOffSummary.__init__() missing 1 required positional argument: 'team_id'
[CALL] shot_chart_player (attempt 1/4)
[OK] shot_chart_player
[CALL] common_player_info (attempt 1/4)
[OK] common_player_info
[CALL] player_game_log (attempt 1/4)
[OK] player_game_log
[CALL] player_career (attempt 1/4)
[WARN] player_career: 'resultSet'
[CALL] player_on_off (attempt 1/4)
[WARN] player_on_off: TeamPlayerOnOffSummary.__init__() missing 1 required positional argument: 'team_id'
[CALL] shot_chart_player (attempt 1/4)
[OK] shot_chart_player
[CALL] common_player_info (attempt 1/4)
[OK] common_player_info
[CALL] player_game_log (attempt 1/4)
[OK] player_game_log
[CALL] player_career (attempt 1/4)
[OK] player_career
[CALL] player_on_off (attempt 1/4)
[WARN] player_on_off: TeamPlayerOnOffSummary.__init__() missing 1 required positional argument: 'team_id'
[CALL] shot_chart_player (attempt 1/4)
[OK] shot_chart_player
[CALL] common_player_info (attempt 1/4)
[OK] common_player_info
[CALL] player_game_log (attempt 1/4)
[OK] player_game_log
[CALL] player_career (attempt 1/4)
[OK] player_career
[CALL] player_on_off (attempt 1/4)
[WARN] player_on_off: TeamPlayerOnOffSummary.__init__() missing 1 required positional argument: 'team_id'
[CALL] shot_chart_player (attempt 1/4)
[OK] shot_chart_player
[CALL] common_player_info (attempt 1/4)
[OK] common_player_info
[CALL] player_game_log (attempt 1/4)
[OK] player_game_log
[CALL] player_career (attempt 1/4)
[OK] player_career
[CALL] player_on_off (attempt 1/4)
[WARN] player_on_off: TeamPlayerOnOffSummary.__init__() missing 1 required positional argument: 'team_id'
[CALL] shot_chart_player (attempt 1/4)
[OK] shot_chart_player
[CALL] common_player_info (attempt 1/4)
[OK] common_player_info
[CALL] player_game_log (attempt 1/4)
[OK] player_game_log
[CALL] player_career (attempt 1/4)
[OK] player_career
[CALL] player_on_off (attempt 1/4)
[WARN] player_on_off: TeamPlayerOnOffSummary.__init__() missing 1 required positional argument: 'team_id'
[CALL] shot_chart_player (attempt 1/4)
[OK] shot_chart_player
[CALL] common_player_info (attempt 1/4)
[OK] common_player_info
[CALL] player_game_log (attempt 1/4)
[OK] player_game_log
[CALL] player_career (attempt 1/4)
[OK] player_career
[CALL] player_on_off (attempt 1/4)
[WARN] player_on_off: TeamPlayerOnOffSummary.__init__() missing 1 required positional argument: 'team_id'
[CALL] shot_chart_player (attempt 1/4)
[OK] shot_chart_player
[CALL] common_player_info (attempt 1/4)
[OK] common_player_info
[CALL] player_game_log (attempt 1/4)
[OK] player_game_log
[CALL] player_career (attempt 1/4)
[OK] player_career
[CALL] player_on_off (attempt 1/4)
[WARN] player_on_off: TeamPlayerOnOffSummary.__init__() missing 1 required positional argument: 'team_id'
[CALL] shot_chart_player (attempt 1/4)
[OK] shot_chart_player
[CALL] common_player_info (attempt 1/4)
[OK] common_player_info
[CALL] player_game_log (attempt 1/4)
[OK] player_game_log
[CALL] player_career (attempt 1/4)
[OK] player_career
[CALL] player_on_off (attempt 1/4)
[WARN] player_on_off: TeamPlayerOnOffSummary.__init__() missing 1 required positional argument: 'team_id'
[CALL] shot_chart_player (attempt 1/4)
[OK] shot_chart_player
[CALL] common_player_info (attempt 1/4)
[OK] common_player_info
[CALL] player_game_log (attempt 1/4)
[OK] player_game_log
[CALL] player_career (attempt 1/4)
[OK] player_career
[CALL] player_on_off (attempt 1/4)
[WARN] player_on_off: TeamPlayerOnOffSummary.__init__() missing 1 required positional argument: 'team_id'
[CALL] shot_chart_player (attempt 1/4)
[OK] shot_chart_player
[CALL] common_player_info (attempt 1/4)
[OK] common_player_info
[CALL] player_game_log (attempt 1/4)
[OK] player_game_log
[CALL] player_career (attempt 1/4)
[OK] player_career
[CALL] player_on_off (attempt 1/4)
[WARN] player_on_off: TeamPlayerOnOffSummary.__init__() missing 1 required positional argument: 'team_id'
[CALL] shot_chart_player (attempt 1/4)
[OK] shot_chart_player
[CALL] common_player_info (attempt 1/4)
[OK] common_player_info
[CALL] player_game_log (attempt 1/4)
[OK] player_game_log
[CALL] player_career (attempt 1/4)
[OK] player_career
[CALL] player_on_off (attempt 1/4)
[WARN] player_on_off: TeamPlayerOnOffSummary.__init__() missing 1 required positional argument: 'team_id'
[CALL] shot_chart_player (attempt 1/4)
[OK] shot_chart_player
[CALL] common_player_info (attempt 1/4)
[OK] common_player_info
[CALL] player_game_log (attempt 1/4)
[OK] player_game_log
[CALL] player_career (attempt 1/4)
[OK] player_career
[CALL] player_on_off (attempt 1/4)
[WARN] player_on_off: TeamPlayerOnOffSummary.__init__() missing 1 required positional argument: 'team_id'
[CALL] shot_chart_player (attempt 1/4)
[OK] shot_chart_player
[CALL] common_player_info (attempt 1/4)
[OK] common_player_info
[CALL] player_game_log (attempt 1/4)
[OK] player_game_log
[CALL] player_career (attempt 1/4)
[OK] player_career
[CALL] player_on_off (attempt 1/4)
[WARN] player_on_off: TeamPlayerOnOffSummary.__init__() missing 1 required positional argument: 'team_id'
[CALL] shot_chart_player (attempt 1/4)
[OK] shot_chart_player
[CALL] common_player_info (attempt 1/4)
[OK] common_player_info
[CALL] player_game_log (attempt 1/4)
[OK] player_game_log
[CALL] player_career (attempt 1/4)
[OK] player_career
[CALL] player_on_off (attempt 1/4)
[WARN] player_on_off: TeamPlayerOnOffSummary.__init__() missing 1 required positional argument: 'team_id'
[CALL] shot_chart_player (attempt 1/4)
[OK] shot_chart_player
[CALL] common_player_info (attempt 1/4)
[OK] common_player_info
[CALL] player_game_log (attempt 1/4)
[OK] player_game_log
[CALL] player_career (attempt 1/4)
[OK] player_career
[CALL] player_on_off (attempt 1/4)
[WARN] player_on_off: TeamPlayerOnOffSummary.__init__() missing 1 required positional argument: 'team_id'
[CALL] shot_chart_player (attempt 1/4)
[OK] shot_chart_player
[CALL] common_player_info (attempt 1/4)
[OK] common_player_info
[CALL] player_game_log (attempt 1/4)
[OK] player_game_log
[CALL] player_career (attempt 1/4)
[OK] player_career
[CALL] player_on_off (attempt 1/4)
[WARN] player_on_off: TeamPlayerOnOffSummary.__init__() missing 1 required positional argument: 'team_id'
[CALL] shot_chart_player (attempt 1/4)
[OK] shot_chart_player
[CALL] common_player_info (attempt 1/4)
[OK] common_player_info
[CALL] player_game_log (attempt 1/4)
[OK] player_game_log
[CALL] player_career (attempt 1/4)
[OK] player_career
[CALL] player_on_off (attempt 1/4)
[WARN] player_on_off: TeamPlayerOnOffSummary.__init__() missing 1 required positional argument: 'team_id'
[CALL] shot_chart_player (attempt 1/4)
[OK] shot_chart_player
[CALL] common_player_info (attempt 1/4)
[OK] common_player_info
[CALL] player_game_log (attempt 1/4)
[OK] player_game_log
[CALL] player_career (attempt 1/4)
[OK] player_career
[CALL] player_on_off (attempt 1/4)
[WARN] player_on_off: TeamPlayerOnOffSummary.__init__() missing 1 required positional argument: 'team_id'
[CALL] shot_chart_player (attempt 1/4)
[OK] shot_chart_player
[CALL] common_player_info (attempt 1/4)
[OK] common_player_info
[CALL] player_game_log (attempt 1/4)
[OK] player_game_log
[CALL] player_career (attempt 1/4)
[OK] player_career
[CALL] player_on_off (attempt 1/4)
[WARN] player_on_off: TeamPlayerOnOffSummary.__init__() missing 1 required positional argument: 'team_id'
[CALL] shot_chart_player (attempt 1/4)
[OK] shot_chart_player
[CALL] common_player_info (attempt 1/4)
[OK] common_player_info
[CALL] player_game_log (attempt 1/4)
[OK] player_game_log
[CALL] player_career (attempt 1/4)
[OK] player_career
[CALL] player_on_off (attempt 1/4)
[WARN] player_on_off: TeamPlayerOnOffSummary.__init__() missing 1 required positional argument: 'team_id'
[CALL] shot_chart_player (attempt 1/4)
[OK] shot_chart_player
[CALL] common_player_info (attempt 1/4)
[OK] common_player_info
[CALL] player_game_log (attempt 1/4)
[OK] player_game_log
[CALL] player_career (attempt 1/4)
[OK] player_career
[CALL] player_on_off (attempt 1/4)
[WARN] player_on_off: TeamPlayerOnOffSummary.__init__() missing 1 required positional argument: 'team_id'
[CALL] shot_chart_player (attempt 1/4)
[OK] shot_chart_player
[CALL] common_player_info (attempt 1/4)
[OK] common_player_info
[CALL] player_game_log (attempt 1/4)
[OK] player_game_log
[CALL] player_career (attempt 1/4)
[OK] player_career
[CALL] player_on_off (attempt 1/4)
[WARN] player_on_off: TeamPlayerOnOffSummary.__init__() missing 1 required positional argument: 'team_id'
[CALL] shot_chart_player (attempt 1/4)
[OK] shot_chart_player
[CALL] common_player_info (attempt 1/4)
[OK] common_player_info
[CALL] player_game_log (attempt 1/4)
[OK] player_game_log
[CALL] player_career (attempt 1/4)
[OK] player_career
[CALL] player_on_off (attempt 1/4)
[WARN] player_on_off: TeamPlayerOnOffSummary.__init__() missing 1 required positional argument: 'team_id'
[CALL] shot_chart_player (attempt 1/4)
[OK] shot_chart_player
[CALL] common_player_info (attempt 1/4)
[OK] common_player_info
[CALL] player_game_log (attempt 1/4)
[OK] player_game_log
[CALL] player_career (attempt 1/4)
[OK] player_career
[CALL] player_on_off (attempt 1/4)
[WARN] player_on_off: TeamPlayerOnOffSummary.__init__() missing 1 required positional argument: 'team_id'
[CALL] shot_chart_player (attempt 1/4)
[OK] shot_chart_player
[CALL] common_player_info (attempt 1/4)
[OK] common_player_info
[CALL] player_game_log (attempt 1/4)
[OK] player_game_log
[CALL] player_career (attempt 1/4)
[OK] player_career
[CALL] player_on_off (attempt 1/4)
[WARN] player_on_off: TeamPlayerOnOffSummary.__init__() missing 1 required positional argument: 'team_id'
[CALL] shot_chart_player (attempt 1/4)
[OK] shot_chart_player
[CALL] common_player_info (attempt 1/4)
[OK] common_player_info
[CALL] player_game_log (attempt 1/4)
[OK] player_game_log
[CALL] player_career (attempt 1/4)
[OK] player_career
[CALL] player_on_off (attempt 1/4)
[WARN] player_on_off: TeamPlayerOnOffSummary.__init__() missing 1 required positional argument: 'team_id'
[CALL] shot_chart_player (attempt 1/4)
[OK] shot_chart_player
[CALL] common_player_info (attempt 1/4)
[OK] common_player_info
[CALL] player_game_log (attempt 1/4)
[OK] player_game_log
[CALL] player_career (attempt 1/4)
[OK] player_career
[CALL] player_on_off (attempt 1/4)
[WARN] player_on_off: TeamPlayerOnOffSummary.__init__() missing 1 required positional argument: 'team_id'
[CALL] shot_chart_player (attempt 1/4)
[OK] shot_chart_player
[CALL] common_player_info (attempt 1/4)
[OK] common_player_info
[CALL] player_game_log (attempt 1/4)
[OK] player_game_log
[CALL] player_career (attempt 1/4)
[OK] player_career
[CALL] player_on_off (attempt 1/4)
[WARN] player_on_off: TeamPlayerOnOffSummary.__init__() missing 1 required positional argument: 'team_id'
[CALL] shot_chart_player (attempt 1/4)
[OK] shot_chart_player
[CALL] common_player_info (attempt 1/4)
[OK] common_player_info
[CALL] player_game_log (attempt 1/4)
[OK] player_game_log
[CALL] player_career (attempt 1/4)
[OK] player_career
[CALL] player_on_off (attempt 1/4)
[WARN] player_on_off: TeamPlayerOnOffSummary.__init__() missing 1 required positional argument: 'team_id'
[CALL] shot_chart_player (attempt 1/4)
[OK] shot_chart_player
[CALL] common_player_info (attempt 1/4)
[OK] common_player_info
[CALL] player_game_log (attempt 1/4)
[OK] player_game_log
[CALL] player_career (attempt 1/4)
[OK] player_career
[CALL] player_on_off (attempt 1/4)
[WARN] player_on_off: TeamPlayerOnOffSummary.__init__() missing 1 required positional argument: 'team_id'
[CALL] shot_chart_player (attempt 1/4)
[OK] shot_chart_player
[CALL] common_player_info (attempt 1/4)
[OK] common_player_info
[CALL] player_game_log (attempt 1/4)
[OK] player_game_log
[CALL] player_career (attempt 1/4)
[OK] player_career
[CALL] player_on_off (attempt 1/4)
[WARN] player_on_off: TeamPlayerOnOffSummary.__init__() missing 1 required positional argument: 'team_id'
[CALL] shot_chart_player (attempt 1/4)
[OK] shot_chart_player
[CALL] common_player_info (attempt 1/4)
[OK] common_player_info
[CALL] player_game_log (attempt 1/4)
[OK] player_game_log
[CALL] player_career (attempt 1/4)
[OK] player_career
[CALL] player_on_off (attempt 1/4)
[WARN] player_on_off: TeamPlayerOnOffSummary.__init__() missing 1 required positional argument: 'team_id'
[CALL] shot_chart_player (attempt 1/4)
[OK] shot_chart_player
[CALL] common_player_info (attempt 1/4)
[OK] common_player_info
[CALL] player_game_log (attempt 1/4)
[OK] player_game_log
[CALL] player_career (attempt 1/4)
[OK] player_career
[CALL] player_on_off (attempt 1/4)
[WARN] player_on_off: TeamPlayerOnOffSummary.__init__() missing 1 required positional argument: 'team_id'
[CALL] shot_chart_player (attempt 1/4)
[OK] shot_chart_player
[CALL] common_player_info (attempt 1/4)
[OK] common_player_info
[CALL] player_game_log (attempt 1/4)
[OK] player_game_log
[CALL] player_career (attempt 1/4)
[OK] player_career
[CALL] player_on_off (attempt 1/4)
[WARN] player_on_off: TeamPlayerOnOffSummary.__init__() missing 1 required positional argument: 'team_id'
[CALL] shot_chart_player (attempt 1/4)
[OK] shot_chart_player
[CALL] common_player_info (attempt 1/4)
[OK] common_player_info
[CALL] player_game_log (attempt 1/4)
[OK] player_game_log
[CALL] player_career (attempt 1/4)
[OK] player_career
[CALL] player_on_off (attempt 1/4)
[WARN] player_on_off: TeamPlayerOnOffSummary.__init__() missing 1 required positional argument: 'team_id'
[CALL] shot_chart_player (attempt 1/4)
[OK] shot_chart_player
[CALL] common_player_info (attempt 1/4)
[OK] common_player_info
[CALL] player_game_log (attempt 1/4)
[OK] player_game_log
[CALL] player_career (attempt 1/4)
[OK] player_career
[CALL] player_on_off (attempt 1/4)
[WARN] player_on_off: TeamPlayerOnOffSummary.__init__() missing 1 required positional argument: 'team_id'
[CALL] shot_chart_player (attempt 1/4)
[OK] shot_chart_player
[CALL] common_player_info (attempt 1/4)
[OK] common_player_info
[CALL] player_game_log (attempt 1/4)
[OK] player_game_log
[CALL] player_career (attempt 1/4)
[OK] player_career
[CALL] player_on_off (attempt 1/4)
[WARN] player_on_off: TeamPlayerOnOffSummary.__init__() missing 1 required positional argument: 'team_id'
[CALL] shot_chart_player (attempt 1/4)
[OK] shot_chart_player
[CALL] common_player_info (attempt 1/4)
[OK] common_player_info
[CALL] player_game_log (attempt 1/4)
[OK] player_game_log
[CALL] player_career (attempt 1/4)
[OK] player_career
[CALL] player_on_off (attempt 1/4)
[WARN] player_on_off: TeamPlayerOnOffSummary.__init__() missing 1 required positional argument: 'team_id'
[CALL] shot_chart_player (attempt 1/4)
[OK] shot_chart_player
[CALL] common_player_info (attempt 1/4)
[OK] common_player_info
[CALL] player_game_log (attempt 1/4)
[OK] player_game_log
[CALL] player_career (attempt 1/4)
[OK] player_career
[CALL] player_on_off (attempt 1/4)
[WARN] player_on_off: TeamPlayerOnOffSummary.__init__() missing 1 required positional argument: 'team_id'
[CALL] shot_chart_player (attempt 1/4)
[OK] shot_chart_player
[CALL] common_player_info (attempt 1/4)
[OK] common_player_info
[CALL] player_game_log (attempt 1/4)
[OK] player_game_log
[CALL] player_career (attempt 1/4)
[OK] player_career
[CALL] player_on_off (attempt 1/4)
[WARN] player_on_off: TeamPlayerOnOffSummary.__init__() missing 1 required positional argument: 'team_id'
[CALL] shot_chart_player (attempt 1/4)
[OK] shot_chart_player
[CALL] common_player_info (attempt 1/4)
[OK] common_player_info
[CALL] player_game_log (attempt 1/4)
[OK] player_game_log
[CALL] player_career (attempt 1/4)
[OK] player_career
[CALL] player_on_off (attempt 1/4)
[WARN] player_on_off: TeamPlayerOnOffSummary.__init__() missing 1 required positional argument: 'team_id'
[CALL] shot_chart_player (attempt 1/4)
[OK] shot_chart_player
[CALL] common_player_info (attempt 1/4)
[OK] common_player_info
[CALL] player_game_log (attempt 1/4)
[OK] player_game_log
[CALL] player_career (attempt 1/4)
[OK] player_career
[CALL] player_on_off (attempt 1/4)
[WARN] player_on_off: TeamPlayerOnOffSummary.__init__() missing 1 required positional argument: 'team_id'
[CALL] shot_chart_player (attempt 1/4)
[OK] shot_chart_player
[CALL] common_player_info (attempt 1/4)
[OK] common_player_info
[CALL] player_game_log (attempt 1/4)
[OK] player_game_log
[CALL] player_career (attempt 1/4)
[OK] player_career
[CALL] player_on_off (attempt 1/4)
[WARN] player_on_off: TeamPlayerOnOffSummary.__init__() missing 1 required positional argument: 'team_id'
[CALL] shot_chart_player (attempt 1/4)
[OK] shot_chart_player
[CALL] common_player_info (attempt 1/4)
[OK] common_player_info
[CALL] player_game_log (attempt 1/4)
[OK] player_game_log
[CALL] player_career (attempt 1/4)
[OK] player_career
[CALL] player_on_off (attempt 1/4)
[WARN] player_on_off: TeamPlayerOnOffSummary.__init__() missing 1 required positional argument: 'team_id'
[CALL] shot_chart_player (attempt 1/4)
[OK] shot_chart_player
[CALL] common_player_info (attempt 1/4)
[OK] common_player_info
[CALL] player_game_log (attempt 1/4)
[OK] player_game_log
[CALL] player_career (attempt 1/4)
[OK] player_career
[CALL] player_on_off (attempt 1/4)
[WARN] player_on_off: TeamPlayerOnOffSummary.__init__() missing 1 required positional argument: 'team_id'
[CALL] shot_chart_player (attempt 1/4)
[OK] shot_chart_player
[CALL] common_player_info (attempt 1/4)
[OK] common_player_info
[CALL] player_game_log (attempt 1/4)
[OK] player_game_log
[CALL] player_career (attempt 1/4)
[WARN] player_career: 'resultSet'
[CALL] player_on_off (attempt 1/4)
[WARN] player_on_off: TeamPlayerOnOffSummary.__init__() missing 1 required positional argument: 'team_id'
[CALL] shot_chart_player (attempt 1/4)
[OK] shot_chart_player
[CALL] common_player_info (attempt 1/4)
[OK] common_player_info
[CALL] player_game_log (attempt 1/4)
[OK] player_game_log
[CALL] player_career (attempt 1/4)
[OK] player_career
[CALL] player_on_off (attempt 1/4)
[WARN] player_on_off: TeamPlayerOnOffSummary.__init__() missing 1 required positional argument: 'team_id'
[CALL] shot_chart_player (attempt 1/4)
[OK] shot_chart_player
[CALL] common_player_info (attempt 1/4)
[OK] common_player_info
[CALL] player_game_log (attempt 1/4)
[OK] player_game_log
[CALL] player_career (attempt 1/4)
[OK] player_career
[CALL] player_on_off (attempt 1/4)
[WARN] player_on_off: TeamPlayerOnOffSummary.__init__() missing 1 required positional argument: 'team_id'
[CALL] shot_chart_player (attempt 1/4)
[OK] shot_chart_player
[CALL] common_player_info (attempt 1/4)
[OK] common_player_info
[CALL] player_game_log (attempt 1/4)
[OK] player_game_log
[CALL] player_career (attempt 1/4)
[OK] player_career
[CALL] player_on_off (attempt 1/4)
[WARN] player_on_off: TeamPlayerOnOffSummary.__init__() missing 1 required positional argument: 'team_id'
[CALL] shot_chart_player (attempt 1/4)
[OK] shot_chart_player
[CALL] common_player_info (attempt 1/4)
[OK] common_player_info
[CALL] player_game_log (attempt 1/4)
[OK] player_game_log
[CALL] player_career (attempt 1/4)
[OK] player_career
[CALL] player_on_off (attempt 1/4)
[WARN] player_on_off: TeamPlayerOnOffSummary.__init__() missing 1 required positional argument: 'team_id'
[CALL] shot_chart_player (attempt 1/4)
[OK] shot_chart_player
[CALL] common_player_info (attempt 1/4)
[OK] common_player_info
[CALL] player_game_log (attempt 1/4)
[OK] player_game_log
[CALL] player_career (attempt 1/4)
[OK] player_career
[CALL] player_on_off (attempt 1/4)
[WARN] player_on_off: TeamPlayerOnOffSummary.__init__() missing 1 required positional argument: 'team_id'
[CALL] shot_chart_player (attempt 1/4)
[OK] shot_chart_player
[CALL] common_player_info (attempt 1/4)
[OK] common_player_info
[CALL] player_game_log (attempt 1/4)
[OK] player_game_log
[CALL] player_career (attempt 1/4)
[OK] player_career
[CALL] player_on_off (attempt 1/4)
[WARN] player_on_off: TeamPlayerOnOffSummary.__init__() missing 1 required positional argument: 'team_id'
[CALL] shot_chart_player (attempt 1/4)
[OK] shot_chart_player
[CALL] common_player_info (attempt 1/4)
[OK] common_player_info
[CALL] player_game_log (attempt 1/4)
[OK] player_game_log
[CALL] player_career (attempt 1/4)
[OK] player_career
[CALL] player_on_off (attempt 1/4)
[WARN] player_on_off: TeamPlayerOnOffSummary.__init__() missing 1 required positional argument: 'team_id'
[CALL] shot_chart_player (attempt 1/4)
[OK] shot_chart_player
[CALL] common_player_info (attempt 1/4)
[OK] common_player_info
[CALL] player_game_log (attempt 1/4)
[OK] player_game_log
[CALL] player_career (attempt 1/4)
[OK] player_career
[CALL] player_on_off (attempt 1/4)
[WARN] player_on_off: TeamPlayerOnOffSummary.__init__() missing 1 required positional argument: 'team_id'
[CALL] shot_chart_player (attempt 1/4)
[OK] shot_chart_player
[CALL] common_player_info (attempt 1/4)
[OK] common_player_info
[CALL] player_game_log (attempt 1/4)
[OK] player_game_log
[CALL] player_career (attempt 1/4)
[OK] player_career
[CALL] player_on_off (attempt 1/4)
[WARN] player_on_off: TeamPlayerOnOffSummary.__init__() missing 1 required positional argument: 'team_id'
[CALL] shot_chart_player (attempt 1/4)
[OK] shot_chart_player
[CALL] common_player_info (attempt 1/4)
[OK] common_player_info
[CALL] player_game_log (attempt 1/4)
[OK] player_game_log
[CALL] player_career (attempt 1/4)
[OK] player_career
[CALL] player_on_off (attempt 1/4)
[WARN] player_on_off: TeamPlayerOnOffSummary.__init__() missing 1 required positional argument: 'team_id'
[CALL] shot_chart_player (attempt 1/4)
[OK] shot_chart_player
[CALL] common_player_info (attempt 1/4)
[OK] common_player_info
[CALL] player_game_log (attempt 1/4)
[OK] player_game_log
[CALL] player_career (attempt 1/4)
[OK] player_career
[CALL] player_on_off (attempt 1/4)
[WARN] player_on_off: TeamPlayerOnOffSummary.__init__() missing 1 required positional argument: 'team_id'
[CALL] shot_chart_player (attempt 1/4)
[OK] shot_chart_player
[CALL] common_player_info (attempt 1/4)
[OK] common_player_info
[CALL] player_game_log (attempt 1/4)
[OK] player_game_log
[CALL] player_career (attempt 1/4)
[OK] player_career
[CALL] player_on_off (attempt 1/4)
[WARN] player_on_off: TeamPlayerOnOffSummary.__init__() missing 1 required positional argument: 'team_id'
[CALL] shot_chart_player (attempt 1/4)
[OK] shot_chart_player
[CALL] common_player_info (attempt 1/4)
[OK] common_player_info
[CALL] player_game_log (attempt 1/4)
[OK] player_game_log
[CALL] player_career (attempt 1/4)
[OK] player_career
[CALL] player_on_off (attempt 1/4)
[WARN] player_on_off: TeamPlayerOnOffSummary.__init__() missing 1 required positional argument: 'team_id'
[CALL] shot_chart_player (attempt 1/4)
[OK] shot_chart_player
[CALL] common_player_info (attempt 1/4)
[OK] common_player_info
[CALL] player_game_log (attempt 1/4)
[OK] player_game_log
[CALL] player_career (attempt 1/4)
[OK] player_career
[CALL] player_on_off (attempt 1/4)
[WARN] player_on_off: TeamPlayerOnOffSummary.__init__() missing 1 required positional argument: 'team_id'
[CALL] shot_chart_player (attempt 1/4)
[OK] shot_chart_player
[CALL] common_player_info (attempt 1/4)
[OK] common_player_info
[CALL] player_game_log (attempt 1/4)
[OK] player_game_log
[CALL] player_career (attempt 1/4)
[OK] player_career
[CALL] player_on_off (attempt 1/4)
[WARN] player_on_off: TeamPlayerOnOffSummary.__init__() missing 1 required positional argument: 'team_id'
[CALL] shot_chart_player (attempt 1/4)
[OK] shot_chart_player
[CALL] common_player_info (attempt 1/4)
[OK] common_player_info
[CALL] player_game_log (attempt 1/4)
[OK] player_game_log
[CALL] player_career (attempt 1/4)
[OK] player_career
[CALL] player_on_off (attempt 1/4)
[WARN] player_on_off: TeamPlayerOnOffSummary.__init__() missing 1 required positional argument: 'team_id'
[CALL] shot_chart_player (attempt 1/4)
[OK] shot_chart_player
[CALL] common_player_info (attempt 1/4)
[OK] common_player_info
[CALL] player_game_log (attempt 1/4)
[OK] player_game_log
[CALL] player_career (attempt 1/4)
[OK] player_career
[CALL] player_on_off (attempt 1/4)
[WARN] player_on_off: TeamPlayerOnOffSummary.__init__() missing 1 required positional argument: 'team_id'
[CALL] shot_chart_player (attempt 1/4)
[OK] shot_chart_player
[CALL] common_player_info (attempt 1/4)
[OK] common_player_info
[CALL] player_game_log (attempt 1/4)
[OK] player_game_log
[CALL] player_career (attempt 1/4)
[OK] player_career
[CALL] player_on_off (attempt 1/4)
[WARN] player_on_off: TeamPlayerOnOffSummary.__init__() missing 1 required positional argument: 'team_id'
[CALL] shot_chart_player (attempt 1/4)
[OK] shot_chart_player
[CALL] common_player_info (attempt 1/4)
[OK] common_player_info
[CALL] player_game_log (attempt 1/4)
[OK] player_game_log
[CALL] player_career (attempt 1/4)
[OK] player_career
[CALL] player_on_off (attempt 1/4)
[WARN] player_on_off: TeamPlayerOnOffSummary.__init__() missing 1 required positional argument: 'team_id'
[CALL] shot_chart_player (attempt 1/4)
[OK] shot_chart_player
[CALL] common_player_info (attempt 1/4)
[OK] common_player_info
[CALL] player_game_log (attempt 1/4)
[OK] player_game_log
[CALL] player_career (attempt 1/4)
[OK] player_career
[CALL] player_on_off (attempt 1/4)
[WARN] player_on_off: TeamPlayerOnOffSummary.__init__() missing 1 required positional argument: 'team_id'
[CALL] shot_chart_player (attempt 1/4)
[OK] shot_chart_player
[CALL] common_player_info (attempt 1/4)
[OK] common_player_info
[CALL] player_game_log (attempt 1/4)
[OK] player_game_log
[CALL] player_career (attempt 1/4)
[OK] player_career
[CALL] player_on_off (attempt 1/4)
[WARN] player_on_off: TeamPlayerOnOffSummary.__init__() missing 1 required positional argument: 'team_id'
[CALL] shot_chart_player (attempt 1/4)
[OK] shot_chart_player
[CALL] common_player_info (attempt 1/4)
[OK] common_player_info
[CALL] player_game_log (attempt 1/4)
[OK] player_game_log
[CALL] player_career (attempt 1/4)
[OK] player_career
[CALL] player_on_off (attempt 1/4)
[WARN] player_on_off: TeamPlayerOnOffSummary.__init__() missing 1 required positional argument: 'team_id'
[CALL] shot_chart_player (attempt 1/4)
[OK] shot_chart_player
[CALL] common_player_info (attempt 1/4)
[OK] common_player_info
[CALL] player_game_log (attempt 1/4)
[OK] player_game_log
[CALL] player_career (attempt 1/4)
[OK] player_career
[CALL] player_on_off (attempt 1/4)
[WARN] player_on_off: TeamPlayerOnOffSummary.__init__() missing 1 required positional argument: 'team_id'
[CALL] shot_chart_player (attempt 1/4)
[OK] shot_chart_player
[CALL] common_player_info (attempt 1/4)
[OK] common_player_info
[CALL] player_game_log (attempt 1/4)
[OK] player_game_log
[CALL] player_career (attempt 1/4)
[OK] player_career
[CALL] player_on_off (attempt 1/4)
[WARN] player_on_off: TeamPlayerOnOffSummary.__init__() missing 1 required positional argument: 'team_id'
[CALL] shot_chart_player (attempt 1/4)
[OK] shot_chart_player
[CALL] common_player_info (attempt 1/4)
[OK] common_player_info
[CALL] player_game_log (attempt 1/4)
[OK] player_game_log
[CALL] player_career (attempt 1/4)
[WARN] player_career: 'resultSet'
[CALL] player_on_off (attempt 1/4)
[WARN] player_on_off: TeamPlayerOnOffSummary.__init__() missing 1 required positional argument: 'team_id'
[CALL] shot_chart_player (attempt 1/4)
[OK] shot_chart_player
[CALL] common_player_info (attempt 1/4)
[OK] common_player_info
[CALL] player_game_log (attempt 1/4)
[OK] player_game_log
[CALL] player_career (attempt 1/4)
[OK] player_career
[CALL] player_on_off (attempt 1/4)
[WARN] player_on_off: TeamPlayerOnOffSummary.__init__() missing 1 required positional argument: 'team_id'
[CALL] shot_chart_player (attempt 1/4)
[OK] shot_chart_player
[CALL] common_player_info (attempt 1/4)
[OK] common_player_info
[CALL] player_game_log (attempt 1/4)
[OK] player_game_log
[CALL] player_career (attempt 1/4)
[OK] player_career
[CALL] player_on_off (attempt 1/4)
[WARN] player_on_off: TeamPlayerOnOffSummary.__init__() missing 1 required positional argument: 'team_id'
[CALL] shot_chart_player (attempt 1/4)
[OK] shot_chart_player
[CALL] common_player_info (attempt 1/4)
[OK] common_player_info
[CALL] player_game_log (attempt 1/4)
[OK] player_game_log
[CALL] player_career (attempt 1/4)
[OK] player_career
[CALL] player_on_off (attempt 1/4)
[WARN] player_on_off: TeamPlayerOnOffSummary.__init__() missing 1 required positional argument: 'team_id'
[CALL] shot_chart_player (attempt 1/4)
[OK] shot_chart_player
[CALL] common_player_info (attempt 1/4)
[OK] common_player_info
[CALL] player_game_log (attempt 1/4)
[OK] player_game_log
[CALL] player_career (attempt 1/4)
[OK] player_career
[CALL] player_on_off (attempt 1/4)
[WARN] player_on_off: TeamPlayerOnOffSummary.__init__() missing 1 required positional argument: 'team_id'
[CALL] shot_chart_player (attempt 1/4)
[OK] shot_chart_player
[CALL] common_player_info (attempt 1/4)
[OK] common_player_info
[CALL] player_game_log (attempt 1/4)
[OK] player_game_log
[CALL] player_career (attempt 1/4)
[OK] player_career
[CALL] player_on_off (attempt 1/4)
[WARN] player_on_off: TeamPlayerOnOffSummary.__init__() missing 1 required positional argument: 'team_id'
[CALL] shot_chart_player (attempt 1/4)
[OK] shot_chart_player
[CALL] common_player_info (attempt 1/4)
[OK] common_player_info
[CALL] player_game_log (attempt 1/4)
[OK] player_game_log
[CALL] player_career (attempt 1/4)
[OK] player_career
[CALL] player_on_off (attempt 1/4)
[WARN] player_on_off: TeamPlayerOnOffSummary.__init__() missing 1 required positional argument: 'team_id'
[CALL] shot_chart_player (attempt 1/4)
[OK] shot_chart_player
[CALL] common_player_info (attempt 1/4)
[OK] common_player_info
[CALL] player_game_log (attempt 1/4)
[OK] player_game_log
[CALL] player_career (attempt 1/4)
[OK] player_career
[CALL] player_on_off (attempt 1/4)
[WARN] player_on_off: TeamPlayerOnOffSummary.__init__() missing 1 required positional argument: 'team_id'
[CALL] shot_chart_player (attempt 1/4)
[OK] shot_chart_player
[CALL] common_player_info (attempt 1/4)
[OK] common_player_info
[CALL] player_game_log (attempt 1/4)
[OK] player_game_log
[CALL] player_career (attempt 1/4)
[OK] player_career
[CALL] player_on_off (attempt 1/4)
[WARN] player_on_off: TeamPlayerOnOffSummary.__init__() missing 1 required positional argument: 'team_id'
[CALL] shot_chart_player (attempt 1/4)
[OK] shot_chart_player
[CALL] common_player_info (attempt 1/4)
[OK] common_player_info
[CALL] player_game_log (attempt 1/4)
[OK] player_game_log
[CALL] player_career (attempt 1/4)
[OK] player_career
[CALL] player_on_off (attempt 1/4)
[WARN] player_on_off: TeamPlayerOnOffSummary.__init__() missing 1 required positional argument: 'team_id'
[CALL] shot_chart_player (attempt 1/4)
[OK] shot_chart_player
[CALL] common_player_info (attempt 1/4)
[OK] common_player_info
[CALL] player_game_log (attempt 1/4)
[OK] player_game_log
[CALL] player_career (attempt 1/4)
[OK] player_career
[CALL] player_on_off (attempt 1/4)
[WARN] player_on_off: TeamPlayerOnOffSummary.__init__() missing 1 required positional argument: 'team_id'
[CALL] shot_chart_player (attempt 1/4)
[OK] shot_chart_player
[CALL] common_player_info (attempt 1/4)
[OK] common_player_info
[CALL] player_game_log (attempt 1/4)
[OK] player_game_log
[CALL] player_career (attempt 1/4)
[OK] player_career
[CALL] player_on_off (attempt 1/4)
[WARN] player_on_off: TeamPlayerOnOffSummary.__init__() missing 1 required positional argument: 'team_id'
[CALL] shot_chart_player (attempt 1/4)
[OK] shot_chart_player
[CALL] common_player_info (attempt 1/4)
[OK] common_player_info
[CALL] player_game_log (attempt 1/4)
[OK] player_game_log
[CALL] player_career (attempt 1/4)
[OK] player_career
[CALL] player_on_off (attempt 1/4)
[WARN] player_on_off: TeamPlayerOnOffSummary.__init__() missing 1 required positional argument: 'team_id'
[CALL] shot_chart_player (attempt 1/4)
[OK] shot_chart_player
[CALL] common_player_info (attempt 1/4)
[OK] common_player_info
[CALL] player_game_log (attempt 1/4)
[OK] player_game_log
[CALL] player_career (attempt 1/4)
[OK] player_career
[CALL] player_on_off (attempt 1/4)
[WARN] player_on_off: TeamPlayerOnOffSummary.__init__() missing 1 required positional argument: 'team_id'
[CALL] shot_chart_player (attempt 1/4)
[OK] shot_chart_player
[CALL] common_player_info (attempt 1/4)
[OK] common_player_info
[CALL] player_game_log (attempt 1/4)
[OK] player_game_log
[CALL] player_career (attempt 1/4)
[OK] player_career
[CALL] player_on_off (attempt 1/4)
[WARN] player_on_off: TeamPlayerOnOffSummary.__init__() missing 1 required positional argument: 'team_id'
[CALL] shot_chart_player (attempt 1/4)
[OK] shot_chart_player
[CALL] common_player_info (attempt 1/4)
[OK] common_player_info
[CALL] player_game_log (attempt 1/4)
[OK] player_game_log
[CALL] player_career (attempt 1/4)
[OK] player_career
[CALL] player_on_off (attempt 1/4)
[WARN] player_on_off: TeamPlayerOnOffSummary.__init__() missing 1 required positional argument: 'team_id'
[CALL] shot_chart_player (attempt 1/4)
[OK] shot_chart_player
[CALL] common_player_info (attempt 1/4)
[OK] common_player_info
[CALL] player_game_log (attempt 1/4)
[OK] player_game_log
[CALL] player_career (attempt 1/4)
[OK] player_career
[CALL] player_on_off (attempt 1/4)
[WARN] player_on_off: TeamPlayerOnOffSummary.__init__() missing 1 required positional argument: 'team_id'
[CALL] shot_chart_player (attempt 1/4)
[OK] shot_chart_player
[CALL] common_player_info (attempt 1/4)
[OK] common_player_info
[CALL] player_game_log (attempt 1/4)
[OK] player_game_log
[CALL] player_career (attempt 1/4)
[OK] player_career
[CALL] player_on_off (attempt 1/4)
[WARN] player_on_off: TeamPlayerOnOffSummary.__init__() missing 1 required positional argument: 'team_id'
[CALL] shot_chart_player (attempt 1/4)
[OK] shot_chart_player
[CALL] common_player_info (attempt 1/4)
[OK] common_player_info
[CALL] player_game_log (attempt 1/4)
[OK] player_game_log
[CALL] player_career (attempt 1/4)
[OK] player_career
[CALL] player_on_off (attempt 1/4)
[WARN] player_on_off: TeamPlayerOnOffSummary.__init__() missing 1 required positional argument: 'team_id'
[CALL] shot_chart_player (attempt 1/4)
[OK] shot_chart_player
[CALL] common_player_info (attempt 1/4)
[OK] common_player_info
[CALL] player_game_log (attempt 1/4)
[OK] player_game_log
[CALL] player_career (attempt 1/4)
[OK] player_career
[CALL] player_on_off (attempt 1/4)
[WARN] player_on_off: TeamPlayerOnOffSummary.__init__() missing 1 required positional argument: 'team_id'
[CALL] shot_chart_player (attempt 1/4)
[OK] shot_chart_player
[CALL] common_player_info (attempt 1/4)
[OK] common_player_info
[CALL] player_game_log (attempt 1/4)
[OK] player_game_log
[CALL] player_career (attempt 1/4)
[OK] player_career
[CALL] player_on_off (attempt 1/4)
[WARN] player_on_off: TeamPlayerOnOffSummary.__init__() missing 1 required positional argument: 'team_id'
[CALL] shot_chart_player (attempt 1/4)
[OK] shot_chart_player
[CALL] common_player_info (attempt 1/4)
[OK] common_player_info
[CALL] player_game_log (attempt 1/4)
[OK] player_game_log
[CALL] player_career (attempt 1/4)
[WARN] player_career: 'resultSet'
[CALL] player_on_off (attempt 1/4)
[WARN] player_on_off: TeamPlayerOnOffSummary.__init__() missing 1 required positional argument: 'team_id'
[CALL] shot_chart_player (attempt 1/4)
[OK] shot_chart_player
[CALL] common_player_info (attempt 1/4)
[OK] common_player_info
[CALL] player_game_log (attempt 1/4)
[OK] player_game_log
[CALL] player_career (attempt 1/4)
[OK] player_career
[CALL] player_on_off (attempt 1/4)
[WARN] player_on_off: TeamPlayerOnOffSummary.__init__() missing 1 required positional argument: 'team_id'
[CALL] shot_chart_player (attempt 1/4)
[OK] shot_chart_player
[CALL] common_player_info (attempt 1/4)
[OK] common_player_info
[CALL] player_game_log (attempt 1/4)
[OK] player_game_log
[CALL] player_career (attempt 1/4)
[OK] player_career
[CALL] player_on_off (attempt 1/4)
[WARN] player_on_off: TeamPlayerOnOffSummary.__init__() missing 1 required positional argument: 'team_id'
[CALL] shot_chart_player (attempt 1/4)
[OK] shot_chart_player
[CALL] common_player_info (attempt 1/4)
[OK] common_player_info
[CALL] player_game_log (attempt 1/4)
[OK] player_game_log
[CALL] player_career (attempt 1/4)
[OK] player_career
[CALL] player_on_off (attempt 1/4)
[WARN] player_on_off: TeamPlayerOnOffSummary.__init__() missing 1 required positional argument: 'team_id'
[CALL] shot_chart_player (attempt 1/4)
[OK] shot_chart_player
[CALL] common_player_info (attempt 1/4)
[OK] common_player_info
[CALL] player_game_log (attempt 1/4)
[OK] player_game_log
[CALL] player_career (attempt 1/4)
[OK] player_career
[CALL] player_on_off (attempt 1/4)
[WARN] player_on_off: TeamPlayerOnOffSummary.__init__() missing 1 required positional argument: 'team_id'
[CALL] shot_chart_player (attempt 1/4)
[OK] shot_chart_player
[CALL] common_player_info (attempt 1/4)
[OK] common_player_info
[CALL] player_game_log (attempt 1/4)
[OK] player_game_log
[CALL] player_career (attempt 1/4)
[OK] player_career
[CALL] player_on_off (attempt 1/4)
[WARN] player_on_off: TeamPlayerOnOffSummary.__init__() missing 1 required positional argument: 'team_id'
[CALL] shot_chart_player (attempt 1/4)
[OK] shot_chart_player
[CALL] common_player_info (attempt 1/4)
[OK] common_player_info
[CALL] player_game_log (attempt 1/4)
[OK] player_game_log
[CALL] player_career (attempt 1/4)
[OK] player_career
[CALL] player_on_off (attempt 1/4)
[WARN] player_on_off: TeamPlayerOnOffSummary.__init__() missing 1 required positional argument: 'team_id'
[CALL] shot_chart_player (attempt 1/4)
[OK] shot_chart_player
[CALL] common_player_info (attempt 1/4)
[OK] common_player_info
[CALL] player_game_log (attempt 1/4)
[OK] player_game_log
[CALL] player_career (attempt 1/4)
[OK] player_career
[CALL] player_on_off (attempt 1/4)
[WARN] player_on_off: TeamPlayerOnOffSummary.__init__() missing 1 required positional argument: 'team_id'
[CALL] shot_chart_player (attempt 1/4)
[OK] shot_chart_player
[CALL] common_player_info (attempt 1/4)
[OK] common_player_info
[CALL] player_game_log (attempt 1/4)
[OK] player_game_log
[CALL] player_career (attempt 1/4)
[OK] player_career
[CALL] player_on_off (attempt 1/4)
[WARN] player_on_off: TeamPlayerOnOffSummary.__init__() missing 1 required positional argument: 'team_id'
[CALL] shot_chart_player (attempt 1/4)
[OK] shot_chart_player
[CALL] common_player_info (attempt 1/4)
[OK] common_player_info
[CALL] player_game_log (attempt 1/4)
[OK] player_game_log
[CALL] player_career (attempt 1/4)
[OK] player_career
[CALL] player_on_off (attempt 1/4)
[WARN] player_on_off: TeamPlayerOnOffSummary.__init__() missing 1 required positional argument: 'team_id'
[CALL] shot_chart_player (attempt 1/4)
[OK] shot_chart_player
[CALL] common_player_info (attempt 1/4)
[OK] common_player_info
[CALL] player_game_log (attempt 1/4)
[OK] player_game_log
[CALL] player_career (attempt 1/4)
[OK] player_career
[CALL] player_on_off (attempt 1/4)
[WARN] player_on_off: TeamPlayerOnOffSummary.__init__() missing 1 required positional argument: 'team_id'
[CALL] shot_chart_player (attempt 1/4)
[OK] shot_chart_player
[CALL] common_player_info (attempt 1/4)
[OK] common_player_info
[CALL] player_game_log (attempt 1/4)
[OK] player_game_log
[CALL] player_career (attempt 1/4)
[OK] player_career
[CALL] player_on_off (attempt 1/4)
[WARN] player_on_off: TeamPlayerOnOffSummary.__init__() missing 1 required positional argument: 'team_id'
[CALL] shot_chart_player (attempt 1/4)
[OK] shot_chart_player
[CALL] common_player_info (attempt 1/4)
[OK] common_player_info
[CALL] player_game_log (attempt 1/4)
[OK] player_game_log
[CALL] player_career (attempt 1/4)
[OK] player_career
[CALL] player_on_off (attempt 1/4)
[WARN] player_on_off: TeamPlayerOnOffSummary.__init__() missing 1 required positional argument: 'team_id'
[CALL] shot_chart_player (attempt 1/4)
[OK] shot_chart_player
[CALL] common_player_info (attempt 1/4)
[OK] common_player_info
[CALL] player_game_log (attempt 1/4)
[OK] player_game_log
[CALL] player_career (attempt 1/4)
[OK] player_career
[CALL] player_on_off (attempt 1/4)
[WARN] player_on_off: TeamPlayerOnOffSummary.__init__() missing 1 required positional argument: 'team_id'
[CALL] shot_chart_player (attempt 1/4)
[OK] shot_chart_player
[CALL] common_player_info (attempt 1/4)
[OK] common_player_info
[CALL] player_game_log (attempt 1/4)
[OK] player_game_log
[CALL] player_career (attempt 1/4)
[OK] player_career
[CALL] player_on_off (attempt 1/4)
[WARN] player_on_off: TeamPlayerOnOffSummary.__init__() missing 1 required positional argument: 'team_id'
[CALL] shot_chart_player (attempt 1/4)
[OK] shot_chart_player
[CALL] common_player_info (attempt 1/4)
[OK] common_player_info
[CALL] player_game_log (attempt 1/4)
[OK] player_game_log
[CALL] player_career (attempt 1/4)
[OK] player_career
[CALL] player_on_off (attempt 1/4)
[WARN] player_on_off: TeamPlayerOnOffSummary.__init__() missing 1 required positional argument: 'team_id'
[CALL] shot_chart_player (attempt 1/4)
[OK] shot_chart_player
[CALL] common_player_info (attempt 1/4)
[OK] common_player_info
[CALL] player_game_log (attempt 1/4)
[OK] player_game_log
[CALL] player_career (attempt 1/4)
[OK] player_career
[CALL] player_on_off (attempt 1/4)
[WARN] player_on_off: TeamPlayerOnOffSummary.__init__() missing 1 required positional argument: 'team_id'
[CALL] shot_chart_player (attempt 1/4)
[OK] shot_chart_player
[CALL] common_player_info (attempt 1/4)
[OK] common_player_info
[CALL] player_game_log (attempt 1/4)
[OK] player_game_log
[CALL] player_career (attempt 1/4)
[OK] player_career
[CALL] player_on_off (attempt 1/4)
[WARN] player_on_off: TeamPlayerOnOffSummary.__init__() missing 1 required positional argument: 'team_id'
[CALL] shot_chart_player (attempt 1/4)
[OK] shot_chart_player
[CALL] common_player_info (attempt 1/4)
[OK] common_player_info
[CALL] player_game_log (attempt 1/4)
[OK] player_game_log
[CALL] player_career (attempt 1/4)
[OK] player_career
[CALL] player_on_off (attempt 1/4)
[WARN] player_on_off: TeamPlayerOnOffSummary.__init__() missing 1 required positional argument: 'team_id'
[CALL] shot_chart_player (attempt 1/4)
[OK] shot_chart_player
[CALL] common_player_info (attempt 1/4)
[OK] common_player_info
[CALL] player_game_log (attempt 1/4)
[OK] player_game_log
[CALL] player_career (attempt 1/4)
[OK] player_career
[CALL] player_on_off (attempt 1/4)
[WARN] player_on_off: TeamPlayerOnOffSummary.__init__() missing 1 required positional argument: 'team_id'
[CALL] shot_chart_player (attempt 1/4)
[OK] shot_chart_player
[CALL] common_player_info (attempt 1/4)
[OK] common_player_info
[CALL] player_game_log (attempt 1/4)
[OK] player_game_log
[CALL] player_career (attempt 1/4)
[OK] player_career
[CALL] player_on_off (attempt 1/4)
[WARN] player_on_off: TeamPlayerOnOffSummary.__init__() missing 1 required positional argument: 'team_id'
[CALL] shot_chart_player (attempt 1/4)
[OK] shot_chart_player
[CALL] common_player_info (attempt 1/4)
[OK] common_player_info
[CALL] player_game_log (attempt 1/4)
[OK] player_game_log
[CALL] player_career (attempt 1/4)
[OK] player_career
[CALL] player_on_off (attempt 1/4)
[WARN] player_on_off: TeamPlayerOnOffSummary.__init__() missing 1 required positional argument: 'team_id'
[CALL] shot_chart_player (attempt 1/4)
[OK] shot_chart_player
[CALL] common_player_info (attempt 1/4)
[OK] common_player_info
[CALL] player_game_log (attempt 1/4)
[OK] player_game_log
[CALL] player_career (attempt 1/4)
[OK] player_career
[CALL] player_on_off (attempt 1/4)
[WARN] player_on_off: TeamPlayerOnOffSummary.__init__() missing 1 required positional argument: 'team_id'
[CALL] shot_chart_player (attempt 1/4)
[WARN] shot_chart_player: Expecting value: line 1 column 1 (char 0)
[CALL] common_player_info (attempt 1/4)
[OK] common_player_info
[CALL] player_game_log (attempt 1/4)
[OK] player_game_log
[CALL] player_career (attempt 1/4)
[OK] player_career
[CALL] player_on_off (attempt 1/4)
[WARN] player_on_off: TeamPlayerOnOffSummary.__init__() missing 1 required positional argument: 'team_id'
[CALL] shot_chart_player (attempt 1/4)
[OK] shot_chart_player
[CALL] common_player_info (attempt 1/4)
[OK] common_player_info
[CALL] player_game_log (attempt 1/4)
[OK] player_game_log
[CALL] player_career (attempt 1/4)
[OK] player_career
[CALL] player_on_off (attempt 1/4)
[WARN] player_on_off: TeamPlayerOnOffSummary.__init__() missing 1 required positional argument: 'team_id'
[CALL] shot_chart_player (attempt 1/4)
[OK] shot_chart_player
[CALL] common_player_info (attempt 1/4)
[OK] common_player_info
[CALL] player_game_log (attempt 1/4)
[OK] player_game_log
[CALL] player_career (attempt 1/4)
[OK] player_career
[CALL] player_on_off (attempt 1/4)
[WARN] player_on_off: TeamPlayerOnOffSummary.__init__() missing 1 required positional argument: 'team_id'
[CALL] shot_chart_player (attempt 1/4)
[OK] shot_chart_player
[CALL] common_player_info (attempt 1/4)
[OK] common_player_info
[CALL] player_game_log (attempt 1/4)
[OK] player_game_log
[CALL] player_career (attempt 1/4)
[OK] player_career
[CALL] player_on_off (attempt 1/4)
[WARN] player_on_off: TeamPlayerOnOffSummary.__init__() missing 1 required positional argument: 'team_id'
[CALL] shot_chart_player (attempt 1/4)
[OK] shot_chart_player
[CALL] common_player_info (attempt 1/4)
[OK] common_player_info
[CALL] player_game_log (attempt 1/4)
[OK] player_game_log
[CALL] player_career (attempt 1/4)
[OK] player_career
[CALL] player_on_off (attempt 1/4)
[WARN] player_on_off: TeamPlayerOnOffSummary.__init__() missing 1 required positional argument: 'team_id'
[CALL] shot_chart_player (attempt 1/4)
[OK] shot_chart_player
[CALL] common_player_info (attempt 1/4)
[OK] common_player_info
[CALL] player_game_log (attempt 1/4)
[OK] player_game_log
[CALL] player_career (attempt 1/4)
[OK] player_career
[CALL] player_on_off (attempt 1/4)
[WARN] player_on_off: TeamPlayerOnOffSummary.__init__() missing 1 required positional argument: 'team_id'
[CALL] shot_chart_player (attempt 1/4)
[OK] shot_chart_player
[CALL] common_player_info (attempt 1/4)
[OK] common_player_info
[CALL] player_game_log (attempt 1/4)
[OK] player_game_log
[CALL] player_career (attempt 1/4)
[OK] player_career
[CALL] player_on_off (attempt 1/4)
[WARN] player_on_off: TeamPlayerOnOffSummary.__init__() missing 1 required positional argument: 'team_id'
[CALL] shot_chart_player (attempt 1/4)
[OK] shot_chart_player
[CALL] common_player_info (attempt 1/4)
[OK] common_player_info
[CALL] player_game_log (attempt 1/4)
[OK] player_game_log
[CALL] player_career (attempt 1/4)
[OK] player_career
[CALL] player_on_off (attempt 1/4)
[WARN] player_on_off: TeamPlayerOnOffSummary.__init__() missing 1 required positional argument: 'team_id'
[CALL] shot_chart_player (attempt 1/4)
[OK] shot_chart_player
[CALL] common_player_info (attempt 1/4)
[OK] common_player_info
[CALL] player_game_log (attempt 1/4)
[OK] player_game_log
[CALL] player_career (attempt 1/4)
[OK] player_career
[CALL] player_on_off (attempt 1/4)
[WARN] player_on_off: TeamPlayerOnOffSummary.__init__() missing 1 required positional argument: 'team_id'
[CALL] shot_chart_player (attempt 1/4)
[OK] shot_chart_player
[CALL] common_player_info (attempt 1/4)
[OK] common_player_info
[CALL] player_game_log (attempt 1/4)
[OK] player_game_log
[CALL] player_career (attempt 1/4)
[OK] player_career
[CALL] player_on_off (attempt 1/4)
[WARN] player_on_off: TeamPlayerOnOffSummary.__init__() missing 1 required positional argument: 'team_id'
[CALL] shot_chart_player (attempt 1/4)
[OK] shot_chart_player
[CALL] common_player_info (attempt 1/4)
[OK] common_player_info
[CALL] player_game_log (attempt 1/4)
[OK] player_game_log
[CALL] player_career (attempt 1/4)
[OK] player_career
[CALL] player_on_off (attempt 1/4)
[WARN] player_on_off: TeamPlayerOnOffSummary.__init__() missing 1 required positional argument: 'team_id'
[CALL] shot_chart_player (attempt 1/4)
[OK] shot_chart_player
[CALL] common_player_info (attempt 1/4)
[OK] common_player_info
[CALL] player_game_log (attempt 1/4)
[OK] player_game_log
[CALL] player_career (attempt 1/4)
[OK] player_career
[CALL] player_on_off (attempt 1/4)
[WARN] player_on_off: TeamPlayerOnOffSummary.__init__() missing 1 required positional argument: 'team_id'
[CALL] shot_chart_player (attempt 1/4)
[OK] shot_chart_player
[CALL] common_player_info (attempt 1/4)
[OK] common_player_info
[CALL] player_game_log (attempt 1/4)
[OK] player_game_log
[CALL] player_career (attempt 1/4)
[OK] player_career
[CALL] player_on_off (attempt 1/4)
[WARN] player_on_off: TeamPlayerOnOffSummary.__init__() missing 1 required positional argument: 'team_id'
[CALL] shot_chart_player (attempt 1/4)
[OK] shot_chart_player
[CALL] common_player_info (attempt 1/4)
[OK] common_player_info
[CALL] player_game_log (attempt 1/4)
[OK] player_game_log
[CALL] player_career (attempt 1/4)
[OK] player_career
[CALL] player_on_off (attempt 1/4)
[WARN] player_on_off: TeamPlayerOnOffSummary.__init__() missing 1 required positional argument: 'team_id'
[CALL] shot_chart_player (attempt 1/4)
[OK] shot_chart_player
[CALL] common_player_info (attempt 1/4)
[OK] common_player_info
[CALL] player_game_log (attempt 1/4)
[OK] player_game_log
[CALL] player_career (attempt 1/4)
[OK] player_career
[CALL] player_on_off (attempt 1/4)
[WARN] player_on_off: TeamPlayerOnOffSummary.__init__() missing 1 required positional argument: 'team_id'
[CALL] shot_chart_player (attempt 1/4)
[OK] shot_chart_player
[CALL] common_player_info (attempt 1/4)
[OK] common_player_info
[CALL] player_game_log (attempt 1/4)
[OK] player_game_log
[CALL] player_career (attempt 1/4)
[OK] player_career
[CALL] player_on_off (attempt 1/4)
[WARN] player_on_off: TeamPlayerOnOffSummary.__init__() missing 1 required positional argument: 'team_id'
[CALL] shot_chart_player (attempt 1/4)
[OK] shot_chart_player
[CALL] common_player_info (attempt 1/4)
[OK] common_player_info
[CALL] player_game_log (attempt 1/4)
[OK] player_game_log
[CALL] player_career (attempt 1/4)
[OK] player_career
[CALL] player_on_off (attempt 1/4)
[WARN] player_on_off: TeamPlayerOnOffSummary.__init__() missing 1 required positional argument: 'team_id'
[CALL] shot_chart_player (attempt 1/4)
[OK] shot_chart_player
[CALL] common_player_info (attempt 1/4)
[OK] common_player_info
[CALL] player_game_log (attempt 1/4)
[OK] player_game_log
[CALL] player_career (attempt 1/4)
[OK] player_career
[CALL] player_on_off (attempt 1/4)
[WARN] player_on_off: TeamPlayerOnOffSummary.__init__() missing 1 required positional argument: 'team_id'
[CALL] shot_chart_player (attempt 1/4)
[OK] shot_chart_player
[CALL] common_player_info (attempt 1/4)
[OK] common_player_info
[CALL] player_game_log (attempt 1/4)
[OK] player_game_log
[CALL] player_career (attempt 1/4)
[OK] player_career
[CALL] player_on_off (attempt 1/4)
[WARN] player_on_off: TeamPlayerOnOffSummary.__init__() missing 1 required positional argument: 'team_id'
[CALL] shot_chart_player (attempt 1/4)
[OK] shot_chart_player
[CALL] common_player_info (attempt 1/4)
[OK] common_player_info
[CALL] player_game_log (attempt 1/4)
[OK] player_game_log
[CALL] player_career (attempt 1/4)
[WARN] player_career: 'resultSet'
[CALL] player_on_off (attempt 1/4)
[WARN] player_on_off: TeamPlayerOnOffSummary.__init__() missing 1 required positional argument: 'team_id'
[CALL] shot_chart_player (attempt 1/4)
[OK] shot_chart_player
[CALL] common_player_info (attempt 1/4)
[OK] common_player_info
[CALL] player_game_log (attempt 1/4)
[OK] player_game_log
[CALL] player_career (attempt 1/4)
[OK] player_career
[CALL] player_on_off (attempt 1/4)
[WARN] player_on_off: TeamPlayerOnOffSummary.__init__() missing 1 required positional argument: 'team_id'
[CALL] shot_chart_player (attempt 1/4)
[OK] shot_chart_player
[CALL] common_player_info (attempt 1/4)
[OK] common_player_info
[CALL] player_game_log (attempt 1/4)
[OK] player_game_log
[CALL] player_career (attempt 1/4)
[OK] player_career
[CALL] player_on_off (attempt 1/4)
[WARN] player_on_off: TeamPlayerOnOffSummary.__init__() missing 1 required positional argument: 'team_id'
[CALL] shot_chart_player (attempt 1/4)
[OK] shot_chart_player
[CALL] common_player_info (attempt 1/4)
[OK] common_player_info
[CALL] player_game_log (attempt 1/4)
[OK] player_game_log
[CALL] player_career (attempt 1/4)
[OK] player_career
[CALL] player_on_off (attempt 1/4)
[WARN] player_on_off: TeamPlayerOnOffSummary.__init__() missing 1 required positional argument: 'team_id'
[CALL] shot_chart_player (attempt 1/4)
[OK] shot_chart_player
[CALL] common_player_info (attempt 1/4)
[OK] common_player_info
[CALL] player_game_log (attempt 1/4)
[OK] player_game_log
[CALL] player_career (attempt 1/4)
[OK] player_career
[CALL] player_on_off (attempt 1/4)
[WARN] player_on_off: TeamPlayerOnOffSummary.__init__() missing 1 required positional argument: 'team_id'
[CALL] shot_chart_player (attempt 1/4)
[OK] shot_chart_player
[CALL] common_player_info (attempt 1/4)
[OK] common_player_info
[CALL] player_game_log (attempt 1/4)
[OK] player_game_log
[CALL] player_career (attempt 1/4)
[OK] player_career
[CALL] player_on_off (attempt 1/4)
[WARN] player_on_off: TeamPlayerOnOffSummary.__init__() missing 1 required positional argument: 'team_id'
[CALL] shot_chart_player (attempt 1/4)
[OK] shot_chart_player
[CALL] common_player_info (attempt 1/4)
[OK] common_player_info
[CALL] player_game_log (attempt 1/4)
[OK] player_game_log
[CALL] player_career (attempt 1/4)
[OK] player_career
[CALL] player_on_off (attempt 1/4)
[WARN] player_on_off: TeamPlayerOnOffSummary.__init__() missing 1 required positional argument: 'team_id'
[CALL] shot_chart_player (attempt 1/4)
[OK] shot_chart_player
[CALL] common_player_info (attempt 1/4)
[OK] common_player_info
[CALL] player_game_log (attempt 1/4)
[OK] player_game_log
[CALL] player_career (attempt 1/4)
[OK] player_career
[CALL] player_on_off (attempt 1/4)
[WARN] player_on_off: TeamPlayerOnOffSummary.__init__() missing 1 required positional argument: 'team_id'
[CALL] shot_chart_player (attempt 1/4)
[OK] shot_chart_player
[CALL] common_player_info (attempt 1/4)
[OK] common_player_info
[CALL] player_game_log (attempt 1/4)
[OK] player_game_log
[CALL] player_career (attempt 1/4)
[OK] player_career
[CALL] player_on_off (attempt 1/4)
[WARN] player_on_off: TeamPlayerOnOffSummary.__init__() missing 1 required positional argument: 'team_id'
[CALL] shot_chart_player (attempt 1/4)
[OK] shot_chart_player
[CALL] common_player_info (attempt 1/4)
[OK] common_player_info
[CALL] player_game_log (attempt 1/4)
[OK] player_game_log
[CALL] player_career (attempt 1/4)
[OK] player_career
[CALL] player_on_off (attempt 1/4)
[WARN] player_on_off: TeamPlayerOnOffSummary.__init__() missing 1 required positional argument: 'team_id'
[CALL] shot_chart_player (attempt 1/4)
[OK] shot_chart_player
[CALL] common_player_info (attempt 1/4)
[OK] common_player_info
[CALL] player_game_log (attempt 1/4)
[OK] player_game_log
[CALL] player_career (attempt 1/4)
[OK] player_career
[CALL] player_on_off (attempt 1/4)
[WARN] player_on_off: TeamPlayerOnOffSummary.__init__() missing 1 required positional argument: 'team_id'
[CALL] shot_chart_player (attempt 1/4)
[OK] shot_chart_player
[CALL] common_player_info (attempt 1/4)
[OK] common_player_info
[CALL] player_game_log (attempt 1/4)
[OK] player_game_log
[CALL] player_career (attempt 1/4)
[OK] player_career
[CALL] player_on_off (attempt 1/4)
[WARN] player_on_off: TeamPlayerOnOffSummary.__init__() missing 1 required positional argument: 'team_id'
[CALL] shot_chart_player (attempt 1/4)
[OK] shot_chart_player
[CALL] common_player_info (attempt 1/4)
[OK] common_player_info
[CALL] player_game_log (attempt 1/4)
[OK] player_game_log
[CALL] player_career (attempt 1/4)
[OK] player_career
[CALL] player_on_off (attempt 1/4)
[WARN] player_on_off: TeamPlayerOnOffSummary.__init__() missing 1 required positional argument: 'team_id'
[CALL] shot_chart_player (attempt 1/4)
[OK] shot_chart_player
[CALL] common_player_info (attempt 1/4)
[OK] common_player_info
[CALL] player_game_log (attempt 1/4)
[OK] player_game_log
[CALL] player_career (attempt 1/4)
[OK] player_career
[CALL] player_on_off (attempt 1/4)
[WARN] player_on_off: TeamPlayerOnOffSummary.__init__() missing 1 required positional argument: 'team_id'
[CALL] shot_chart_player (attempt 1/4)
[OK] shot_chart_player
[CALL] common_player_info (attempt 1/4)
[OK] common_player_info
[CALL] player_game_log (attempt 1/4)
[OK] player_game_log
[CALL] player_career (attempt 1/4)
[OK] player_career
[CALL] player_on_off (attempt 1/4)
[WARN] player_on_off: TeamPlayerOnOffSummary.__init__() missing 1 required positional argument: 'team_id'
[CALL] shot_chart_player (attempt 1/4)
[OK] shot_chart_player
[CALL] common_player_info (attempt 1/4)
[OK] common_player_info
[CALL] player_game_log (attempt 1/4)
[OK] player_game_log
[CALL] player_career (attempt 1/4)
[OK] player_career
[CALL] player_on_off (attempt 1/4)
[WARN] player_on_off: TeamPlayerOnOffSummary.__init__() missing 1 required positional argument: 'team_id'
[CALL] shot_chart_player (attempt 1/4)
[OK] shot_chart_player
[CALL] common_player_info (attempt 1/4)
[OK] common_player_info
[CALL] player_game_log (attempt 1/4)
[OK] player_game_log
[CALL] player_career (attempt 1/4)
[OK] player_career
[CALL] player_on_off (attempt 1/4)
[WARN] player_on_off: TeamPlayerOnOffSummary.__init__() missing 1 required positional argument: 'team_id'
[CALL] shot_chart_player (attempt 1/4)
[OK] shot_chart_player
[CALL] common_player_info (attempt 1/4)
[OK] common_player_info
[CALL] player_game_log (attempt 1/4)
[OK] player_game_log
[CALL] player_career (attempt 1/4)
[OK] player_career
[CALL] player_on_off (attempt 1/4)
[WARN] player_on_off: TeamPlayerOnOffSummary.__init__() missing 1 required positional argument: 'team_id'
[CALL] shot_chart_player (attempt 1/4)
[OK] shot_chart_player
[CALL] common_player_info (attempt 1/4)
[OK] common_player_info
[CALL] player_game_log (attempt 1/4)
[OK] player_game_log
[CALL] player_career (attempt 1/4)
[OK] player_career
[CALL] player_on_off (attempt 1/4)
[WARN] player_on_off: TeamPlayerOnOffSummary.__init__() missing 1 required positional argument: 'team_id'
[CALL] shot_chart_player (attempt 1/4)
[OK] shot_chart_player
[CALL] common_player_info (attempt 1/4)
[OK] common_player_info
[CALL] player_game_log (attempt 1/4)
[OK] player_game_log
[CALL] player_career (attempt 1/4)
[OK] player_career
[CALL] player_on_off (attempt 1/4)
[WARN] player_on_off: TeamPlayerOnOffSummary.__init__() missing 1 required positional argument: 'team_id'
[CALL] shot_chart_player (attempt 1/4)
[OK] shot_chart_player
[CALL] common_player_info (attempt 1/4)
[OK] common_player_info
[CALL] player_game_log (attempt 1/4)
[OK] player_game_log
[CALL] player_career (attempt 1/4)
[OK] player_career
[CALL] player_on_off (attempt 1/4)
[WARN] player_on_off: TeamPlayerOnOffSummary.__init__() missing 1 required positional argument: 'team_id'
[CALL] shot_chart_player (attempt 1/4)
[OK] shot_chart_player
[CALL] common_player_info (attempt 1/4)
[OK] common_player_info
[CALL] player_game_log (attempt 1/4)
[OK] player_game_log
[CALL] player_career (attempt 1/4)
[OK] player_career
[CALL] player_on_off (attempt 1/4)
[WARN] player_on_off: TeamPlayerOnOffSummary.__init__() missing 1 required positional argument: 'team_id'
[CALL] shot_chart_player (attempt 1/4)
[OK] shot_chart_player
[CALL] common_player_info (attempt 1/4)
[OK] common_player_info
[CALL] player_game_log (attempt 1/4)
[OK] player_game_log
[CALL] player_career (attempt 1/4)
[OK] player_career
[CALL] player_on_off (attempt 1/4)
[WARN] player_on_off: TeamPlayerOnOffSummary.__init__() missing 1 required positional argument: 'team_id'
[CALL] shot_chart_player (attempt 1/4)
[OK] shot_chart_player
[CALL] common_player_info (attempt 1/4)
[OK] common_player_info
[CALL] player_game_log (attempt 1/4)
[OK] player_game_log
[CALL] player_career (attempt 1/4)
[OK] player_career
[CALL] player_on_off (attempt 1/4)
[WARN] player_on_off: TeamPlayerOnOffSummary.__init__() missing 1 required positional argument: 'team_id'
[CALL] shot_chart_player (attempt 1/4)
[OK] shot_chart_player
[CALL] common_player_info (attempt 1/4)
[OK] common_player_info
[CALL] player_game_log (attempt 1/4)
[OK] player_game_log
[CALL] player_career (attempt 1/4)
[OK] player_career
[CALL] player_on_off (attempt 1/4)
[WARN] player_on_off: TeamPlayerOnOffSummary.__init__() missing 1 required positional argument: 'team_id'
[CALL] shot_chart_player (attempt 1/4)
[OK] shot_chart_player
[CALL] common_player_info (attempt 1/4)
[OK] common_player_info
[CALL] player_game_log (attempt 1/4)
[OK] player_game_log
[CALL] player_career (attempt 1/4)
[OK] player_career
[CALL] player_on_off (attempt 1/4)
[WARN] player_on_off: TeamPlayerOnOffSummary.__init__() missing 1 required positional argument: 'team_id'
[CALL] shot_chart_player (attempt 1/4)
[OK] shot_chart_player
[CALL] common_player_info (attempt 1/4)
[OK] common_player_info
[CALL] player_game_log (attempt 1/4)
[OK] player_game_log
[CALL] player_career (attempt 1/4)
[OK] player_career
[CALL] player_on_off (attempt 1/4)
[WARN] player_on_off: TeamPlayerOnOffSummary.__init__() missing 1 required positional argument: 'team_id'
[CALL] shot_chart_player (attempt 1/4)
[OK] shot_chart_player
[CALL] common_player_info (attempt 1/4)
[OK] common_player_info
[CALL] player_game_log (attempt 1/4)
[OK] player_game_log
[CALL] player_career (attempt 1/4)
[OK] player_career
[CALL] player_on_off (attempt 1/4)
[WARN] player_on_off: TeamPlayerOnOffSummary.__init__() missing 1 required positional argument: 'team_id'
[CALL] shot_chart_player (attempt 1/4)
[OK] shot_chart_player
[CALL] common_player_info (attempt 1/4)
[OK] common_player_info
[CALL] player_game_log (attempt 1/4)
[OK] player_game_log
[CALL] player_career (attempt 1/4)
[OK] player_career
[CALL] player_on_off (attempt 1/4)
[WARN] player_on_off: TeamPlayerOnOffSummary.__init__() missing 1 required positional argument: 'team_id'
[CALL] shot_chart_player (attempt 1/4)
[OK] shot_chart_player
[CALL] common_player_info (attempt 1/4)
[OK] common_player_info
[CALL] player_game_log (attempt 1/4)
[OK] player_game_log
[CALL] player_career (attempt 1/4)
[OK] player_career
[CALL] player_on_off (attempt 1/4)
[WARN] player_on_off: TeamPlayerOnOffSummary.__init__() missing 1 required positional argument: 'team_id'
[CALL] shot_chart_player (attempt 1/4)
[OK] shot_chart_player
[CALL] common_player_info (attempt 1/4)
[OK] common_player_info
[CALL] player_game_log (attempt 1/4)
[OK] player_game_log
[CALL] player_career (attempt 1/4)
[OK] player_career
[CALL] player_on_off (attempt 1/4)
[WARN] player_on_off: TeamPlayerOnOffSummary.__init__() missing 1 required positional argument: 'team_id'
[CALL] shot_chart_player (attempt 1/4)
[OK] shot_chart_player
[CALL] common_player_info (attempt 1/4)
[OK] common_player_info
[CALL] player_game_log (attempt 1/4)
[WARN] player_game_log: HTTPSConnectionPool(host='stats.nba.com', port=443): Read timed out. (read timeout=45)
[RETRY] player_game_log in 2.0s
[CALL] player_game_log (attempt 2/4)
[OK] player_game_log
[CALL] player_career (attempt 1/4)
[OK] player_career
[CALL] player_on_off (attempt 1/4)
[WARN] player_on_off: TeamPlayerOnOffSummary.__init__() missing 1 required positional argument: 'team_id'
[CALL] shot_chart_player (attempt 1/4)
[OK] shot_chart_player
[CALL] common_player_info (attempt 1/4)
[OK] common_player_info
[CALL] player_game_log (attempt 1/4)
[OK] player_game_log
[CALL] player_career (attempt 1/4)
[OK] player_career
[CALL] player_on_off (attempt 1/4)
[WARN] player_on_off: TeamPlayerOnOffSummary.__init__() missing 1 required positional argument: 'team_id'
[CALL] shot_chart_player (attempt 1/4)
[OK] shot_chart_player
[CALL] common_player_info (attempt 1/4)
[OK] common_player_info
[CALL] player_game_log (attempt 1/4)
[OK] player_game_log
[CALL] player_career (attempt 1/4)
[OK] player_career
[CALL] player_on_off (attempt 1/4)
[WARN] player_on_off: TeamPlayerOnOffSummary.__init__() missing 1 required positional argument: 'team_id'
[CALL] shot_chart_player (attempt 1/4)
[OK] shot_chart_player
[CALL] common_player_info (attempt 1/4)
[OK] common_player_info
[CALL] player_game_log (attempt 1/4)
[OK] player_game_log
[CALL] player_career (attempt 1/4)
[OK] player_career
[CALL] player_on_off (attempt 1/4)
[WARN] player_on_off: TeamPlayerOnOffSummary.__init__() missing 1 required positional argument: 'team_id'
[CALL] shot_chart_player (attempt 1/4)
[OK] shot_chart_player
[CALL] common_player_info (attempt 1/4)
[OK] common_player_info
[CALL] player_game_log (attempt 1/4)
[OK] player_game_log
[CALL] player_career (attempt 1/4)
[OK] player_career
[CALL] player_on_off (attempt 1/4)
[WARN] player_on_off: TeamPlayerOnOffSummary.__init__() missing 1 required positional argument: 'team_id'
[CALL] shot_chart_player (attempt 1/4)
[OK] shot_chart_player
[CALL] common_player_info (attempt 1/4)
[OK] common_player_info
[CALL] player_game_log (attempt 1/4)
[OK] player_game_log
[CALL] player_career (attempt 1/4)
[OK] player_career
[CALL] player_on_off (attempt 1/4)
[WARN] player_on_off: TeamPlayerOnOffSummary.__init__() missing 1 required positional argument: 'team_id'
[CALL] shot_chart_player (attempt 1/4)
[OK] shot_chart_player
[CALL] common_player_info (attempt 1/4)
[OK] common_player_info
[CALL] player_game_log (attempt 1/4)
[OK] player_game_log
[CALL] player_career (attempt 1/4)
[OK] player_career
[CALL] player_on_off (attempt 1/4)
[WARN] player_on_off: TeamPlayerOnOffSummary.__init__() missing 1 required positional argument: 'team_id'
[CALL] shot_chart_player (attempt 1/4)
[OK] shot_chart_player
[CALL] common_player_info (attempt 1/4)
[OK] common_player_info
[CALL] player_game_log (attempt 1/4)
[OK] player_game_log
[CALL] player_career (attempt 1/4)
[OK] player_career
[CALL] player_on_off (attempt 1/4)
[WARN] player_on_off: TeamPlayerOnOffSummary.__init__() missing 1 required positional argument: 'team_id'
[CALL] shot_chart_player (attempt 1/4)
[OK] shot_chart_player
[CALL] common_player_info (attempt 1/4)
[OK] common_player_info
[CALL] player_game_log (attempt 1/4)
[OK] player_game_log
[CALL] player_career (attempt 1/4)
[OK] player_career
[CALL] player_on_off (attempt 1/4)
[WARN] player_on_off: TeamPlayerOnOffSummary.__init__() missing 1 required positional argument: 'team_id'
[CALL] shot_chart_player (attempt 1/4)
[OK] shot_chart_player
[CALL] common_player_info (attempt 1/4)
[OK] common_player_info
[CALL] player_game_log (attempt 1/4)
[OK] player_game_log
[CALL] player_career (attempt 1/4)
[OK] player_career
[CALL] player_on_off (attempt 1/4)
[WARN] player_on_off: TeamPlayerOnOffSummary.__init__() missing 1 required positional argument: 'team_id'
[CALL] shot_chart_player (attempt 1/4)
[OK] shot_chart_player
[CALL] common_player_info (attempt 1/4)
[OK] common_player_info
[CALL] player_game_log (attempt 1/4)
[OK] player_game_log
[CALL] player_career (attempt 1/4)
[OK] player_career
[CALL] player_on_off (attempt 1/4)
[WARN] player_on_off: TeamPlayerOnOffSummary.__init__() missing 1 required positional argument: 'team_id'
[CALL] shot_chart_player (attempt 1/4)
[OK] shot_chart_player
[CALL] common_player_info (attempt 1/4)
[OK] common_player_info
[CALL] player_game_log (attempt 1/4)
[OK] player_game_log
[CALL] player_career (attempt 1/4)
[OK] player_career
[CALL] player_on_off (attempt 1/4)
[WARN] player_on_off: TeamPlayerOnOffSummary.__init__() missing 1 required positional argument: 'team_id'
[CALL] shot_chart_player (attempt 1/4)
[OK] shot_chart_player
[CALL] common_player_info (attempt 1/4)
[OK] common_player_info
[CALL] player_game_log (attempt 1/4)
[OK] player_game_log
[CALL] player_career (attempt 1/4)
[OK] player_career
[CALL] player_on_off (attempt 1/4)
[WARN] player_on_off: TeamPlayerOnOffSummary.__init__() missing 1 required positional argument: 'team_id'
[CALL] shot_chart_player (attempt 1/4)
[OK] shot_chart_player
[CALL] common_player_info (attempt 1/4)
[OK] common_player_info
[CALL] player_game_log (attempt 1/4)
[OK] player_game_log
[CALL] player_career (attempt 1/4)
[OK] player_career
[CALL] player_on_off (attempt 1/4)
[WARN] player_on_off: TeamPlayerOnOffSummary.__init__() missing 1 required positional argument: 'team_id'
[CALL] shot_chart_player (attempt 1/4)
[OK] shot_chart_player
[CALL] common_player_info (attempt 1/4)
[OK] common_player_info
[CALL] player_game_log (attempt 1/4)
[OK] player_game_log
[CALL] player_career (attempt 1/4)
[OK] player_career
[CALL] player_on_off (attempt 1/4)
[WARN] player_on_off: TeamPlayerOnOffSummary.__init__() missing 1 required positional argument: 'team_id'
[CALL] shot_chart_player (attempt 1/4)
[OK] shot_chart_player
[CALL] common_player_info (attempt 1/4)
[OK] common_player_info
[CALL] player_game_log (attempt 1/4)
[OK] player_game_log
[CALL] player_career (attempt 1/4)
[OK] player_career
[CALL] player_on_off (attempt 1/4)
[WARN] player_on_off: TeamPlayerOnOffSummary.__init__() missing 1 required positional argument: 'team_id'
[CALL] shot_chart_player (attempt 1/4)
[OK] shot_chart_player
[CALL] common_player_info (attempt 1/4)
[OK] common_player_info
[CALL] player_game_log (attempt 1/4)
[OK] player_game_log
[CALL] player_career (attempt 1/4)
[OK] player_career
[CALL] player_on_off (attempt 1/4)
[WARN] player_on_off: TeamPlayerOnOffSummary.__init__() missing 1 required positional argument: 'team_id'
[CALL] shot_chart_player (attempt 1/4)
[OK] shot_chart_player
[CALL] common_player_info (attempt 1/4)
[OK] common_player_info
[CALL] player_game_log (attempt 1/4)
[OK] player_game_log
[CALL] player_career (attempt 1/4)
[OK] player_career
[CALL] player_on_off (attempt 1/4)
[WARN] player_on_off: TeamPlayerOnOffSummary.__init__() missing 1 required positional argument: 'team_id'
[CALL] shot_chart_player (attempt 1/4)
[OK] shot_chart_player
[CALL] common_player_info (attempt 1/4)
[OK] common_player_info
[CALL] player_game_log (attempt 1/4)
[OK] player_game_log
[CALL] player_career (attempt 1/4)
[OK] player_career
[CALL] player_on_off (attempt 1/4)
[WARN] player_on_off: TeamPlayerOnOffSummary.__init__() missing 1 required positional argument: 'team_id'
[CALL] shot_chart_player (attempt 1/4)
[OK] shot_chart_player
[CALL] common_player_info (attempt 1/4)
[OK] common_player_info
[CALL] player_game_log (attempt 1/4)
[OK] player_game_logTraceback (most recent call last):
  File "/Users/akshatporwal/Documents/projects/NBA_ML/collect_nba_api_data.py", line 460, in call_endpoint
    response = endpoint_cls(**request_params)
  File "/Users/akshatporwal/Documents/projects/NBA_ML/.venv/lib/python3.14/site-packages/nba_api/stats/endpoints/playercareerstats.py", line 315, in __init__
    self.get_request()
    ~~~~~~~~~~~~~~~~^^
  File "/Users/akshatporwal/Documents/projects/NBA_ML/.venv/lib/python3.14/site-packages/nba_api/stats/endpoints/playercareerstats.py", line 325, in get_request
    self.load_response()
    ~~~~~~~~~~~~~~~~~~^^
  File "/Users/akshatporwal/Documents/projects/NBA_ML/.venv/lib/python3.14/site-packages/nba_api/stats/endpoints/playercareerstats.py", line 328, in load_response
    data_sets = self.nba_response.get_data_sets()
  File "/Users/akshatporwal/Documents/projects/NBA_ML/.venv/lib/python3.14/site-packages/nba_api/stats/library/http.py", line 104, in get_data_sets
    results = raw_dict["resultSet"]
              ~~~~~~~~^^^^^^^^^^^^^
KeyError: 'resultSet'
Traceback (most recent call last):
  File "/Users/akshatporwal/Documents/projects/NBA_ML/collect_nba_api_data.py", line 460, in call_endpoint
    response = endpoint_cls(**request_params)
TypeError: TeamPlayerOnOffSummary.__init__() missing 1 required positional argument: 'team_id'
Traceback (most recent call last):
  File "/Users/akshatporwal/Documents/projects/NBA_ML/collect_nba_api_data.py", line 460, in call_endpoint
    response = endpoint_cls(**request_params)
TypeError: TeamPlayerOnOffSummary.__init__() missing 1 required positional argument: 'team_id'
Traceback (most recent call last):
  File "/Users/akshatporwal/Documents/projects/NBA_ML/collect_nba_api_data.py", line 460, in call_endpoint
    response = endpoint_cls(**request_params)
TypeError: TeamPlayerOnOffSummary.__init__() missing 1 required positional argument: 'team_id'
Traceback (most recent call last):
  File "/Users/akshatporwal/Documents/projects/NBA_ML/collect_nba_api_data.py", line 460, in call_endpoint
    response = endpoint_cls(**request_params)
TypeError: TeamPlayerOnOffSummary.__init__() missing 1 required positional argument: 'team_id'
Traceback (most recent call last):
  File "/Users/akshatporwal/Documents/projects/NBA_ML/collect_nba_api_data.py", line 460, in call_endpoint
    response = endpoint_cls(**request_params)
TypeError: TeamPlayerOnOffSummary.__init__() missing 1 required positional argument: 'team_id'
Traceback (most recent call last):
  File "/Users/akshatporwal/Documents/projects/NBA_ML/collect_nba_api_data.py", line 460, in call_endpoint
    response = endpoint_cls(**request_params)
  File "/Users/akshatporwal/Documents/projects/NBA_ML/.venv/lib/python3.14/site-packages/nba_api/stats/endpoints/shotchartdetail.py", line 152, in __init__
    self.get_request()
    ~~~~~~~~~~~~~~~~^^
  File "/Users/akshatporwal/Documents/projects/NBA_ML/.venv/lib/python3.14/site-packages/nba_api/stats/endpoints/shotchartdetail.py", line 162, in get_request
    self.load_response()
    ~~~~~~~~~~~~~~~~~~^^
  File "/Users/akshatporwal/Documents/projects/NBA_ML/.venv/lib/python3.14/site-packages/nba_api/stats/endpoints/shotchartdetail.py", line 165, in load_response
    data_sets = self.nba_response.get_data_sets()
  File "/Users/akshatporwal/Documents/projects/NBA_ML/.venv/lib/python3.14/site-packages/nba_api/stats/library/http.py", line 97, in get_data_sets
    raw_dict = self.get_dict()
  File "/Users/akshatporwal/Documents/projects/NBA_ML/.venv/lib/python3.14/site-packages/nba_api/library/http.py", line 42, in get_dict
    return json.loads(self._response)
           ~~~~~~~~~~^^^^^^^^^^^^^^^^
  File "/opt/homebrew/Cellar/python@3.14/3.14.0/Frameworks/Python.framework/Versions/3.14/lib/python3.14/json/__init__.py", line 346, in loads
    return _default_decoder.decode(s)
           ~~~~~~~~~~~~~~~~~~~~~~~^^^
  File "/opt/homebrew/Cellar/python@3.14/3.14.0/Frameworks/Python.framework/Versions/3.14/lib/python3.14/json/decoder.py", line 345, in decode
    obj, end = self.raw_decode(s, idx=_w(s, 0).end())
               ~~~~~~~~~~~~~~~^^^^^^^^^^^^^^^^^^^^^^^
  File "/opt/homebrew/Cellar/python@3.14/3.14.0/Frameworks/Python.framework/Versions/3.14/lib/python3.14/json/decoder.py", line 363, in raw_decode
    raise JSONDecodeError("Expecting value", s, err.value) from None
json.decoder.JSONDecodeError: Expecting value: line 1 column 1 (char 0)
Traceback (most recent call last):
  File "/Users/akshatporwal/Documents/projects/NBA_ML/collect_nba_api_data.py", line 460, in call_endpoint
    response = endpoint_cls(**request_params)
TypeError: TeamPlayerOnOffSummary.__init__() missing 1 required positional argument: 'team_id'
Traceback (most recent call last):
  File "/Users/akshatporwal/Documents/projects/NBA_ML/collect_nba_api_data.py", line 460, in call_endpoint
    response = endpoint_cls(**request_params)
TypeError: TeamPlayerOnOffSummary.__init__() missing 1 required positional argument: 'team_id'
Traceback (most recent call last):
  File "/Users/akshatporwal/Documents/projects/NBA_ML/collect_nba_api_data.py", line 460, in call_endpoint
    response = endpoint_cls(**request_params)
TypeError: TeamPlayerOnOffSummary.__init__() missing 1 required positional argument: 'team_id'
Traceback (most recent call last):
  File "/Users/akshatporwal/Documents/projects/NBA_ML/collect_nba_api_data.py", line 460, in call_endpoint
    response = endpoint_cls(**request_params)
TypeError: TeamPlayerOnOffSummary.__init__() missing 1 required positional argument: 'team_id'
Traceback (most recent call last):
  File "/Users/akshatporwal/Documents/projects/NBA_ML/collect_nba_api_data.py", line 460, in call_endpoint
    response = endpoint_cls(**request_params)
TypeError: TeamPlayerOnOffSummary.__init__() missing 1 required positional argument: 'team_id'
Traceback (most recent call last):
  File "/Users/akshatporwal/Documents/projects/NBA_ML/.venv/lib/python3.14/site-packages/urllib3/connectionpool.py", line 534, in _make_request
    response = conn.getresponse()
  File "/Users/akshatporwal/Documents/projects/NBA_ML/.venv/lib/python3.14/site-packages/urllib3/connection.py", line 571, in getresponse
    httplib_response = super().getresponse()
  File "/opt/homebrew/Cellar/python@3.14/3.14.0/Frameworks/Python.framework/Versions/3.14/lib/python3.14/http/client.py", line 1430, in getresponse
    response.begin()
    ~~~~~~~~~~~~~~^^
  File "/opt/homebrew/Cellar/python@3.14/3.14.0/Frameworks/Python.framework/Versions/3.14/lib/python3.14/http/client.py", line 331, in begin
    version, status, reason = self._read_status()
                              ~~~~~~~~~~~~~~~~~^^
  File "/opt/homebrew/Cellar/python@3.14/3.14.0/Frameworks/Python.framework/Versions/3.14/lib/python3.14/http/client.py", line 292, in _read_status
    line = str(self.fp.readline(_MAXLINE + 1), "iso-8859-1")
               ~~~~~~~~~~~~~~~~^^^^^^^^^^^^^^
  File "/opt/homebrew/Cellar/python@3.14/3.14.0/Frameworks/Python.framework/Versions/3.14/lib/python3.14/socket.py", line 725, in readinto
    return self._sock.recv_into(b)
           ~~~~~~~~~~~~~~~~~~~~^^^
  File "/opt/homebrew/Cellar/python@3.14/3.14.0/Frameworks/Python.framework/Versions/3.14/lib/python3.14/ssl.py", line 1304, in recv_into
    return self.read(nbytes, buffer)
           ~~~~~~~~~^^^^^^^^^^^^^^^^
  File "/opt/homebrew/Cellar/python@3.14/3.14.0/Frameworks/Python.framework/Versions/3.14/lib/python3.14/ssl.py", line 1138, in read
    return self._sslobj.read(len, buffer)
           ~~~~~~~~~~~~~~~~~^^^^^^^^^^^^^
TimeoutError: The read operation timed out

The above exception was the direct cause of the following exception:

Traceback (most recent call last):
  File "/Users/akshatporwal/Documents/projects/NBA_ML/.venv/lib/python3.14/site-packages/requests/adapters.py", line 644, in send
    resp = conn.urlopen(
        method=request.method,
    ...<9 lines>...
        chunked=chunked,
    )
  File "/Users/akshatporwal/Documents/projects/NBA_ML/.venv/lib/python3.14/site-packages/urllib3/connectionpool.py", line 841, in urlopen
    retries = retries.increment(
        method, url, error=new_e, _pool=self, _stacktrace=sys.exc_info()[2]
    )
  File "/Users/akshatporwal/Documents/projects/NBA_ML/.venv/lib/python3.14/site-packages/urllib3/util/retry.py", line 490, in increment
    raise reraise(type(error), error, _stacktrace)
          ~~~~~~~^^^^^^^^^^^^^^^^^^^^^^^^^^^^^^^^^
  File "/Users/akshatporwal/Documents/projects/NBA_ML/.venv/lib/python3.14/site-packages/urllib3/util/util.py", line 39, in reraise
    raise value
  File "/Users/akshatporwal/Documents/projects/NBA_ML/.venv/lib/python3.14/site-packages/urllib3/connectionpool.py", line 787, in urlopen
    response = self._make_request(
        conn,
    ...<10 lines>...
        **response_kw,
    )
  File "/Users/akshatporwal/Documents/projects/NBA_ML/.venv/lib/python3.14/site-packages/urllib3/connectionpool.py", line 536, in _make_request
    self._raise_timeout(err=e, url=url, timeout_value=read_timeout)
    ~~~~~~~~~~~~~~~~~~~^^^^^^^^^^^^^^^^^^^^^^^^^^^^^^^^^^^^^^^^^^^^
  File "/Users/akshatporwal/Documents/projects/NBA_ML/.venv/lib/python3.14/site-packages/urllib3/connectionpool.py", line 367, in _raise_timeout
    raise ReadTimeoutError(
        self, url, f"Read timed out. (read timeout={timeout_value})"
    ) from err
urllib3.exceptions.ReadTimeoutError: HTTPSConnectionPool(host='stats.nba.com', port=443): Read timed out. (read timeout=45)

During handling of the above exception, another exception occurred:

Traceback (most recent call last):
  File "/Users/akshatporwal/Documents/projects/NBA_ML/collect_nba_api_data.py", line 460, in call_endpoint
    response = endpoint_cls(**request_params)
  File "/Users/akshatporwal/Documents/projects/NBA_ML/.venv/lib/python3.14/site-packages/nba_api/stats/endpoints/playergamelog.py", line 72, in __init__
    self.get_request()
    ~~~~~~~~~~~~~~~~^^
  File "/Users/akshatporwal/Documents/projects/NBA_ML/.venv/lib/python3.14/site-packages/nba_api/stats/endpoints/playergamelog.py", line 75, in get_request
    self.nba_response = NBAStatsHTTP().send_api_request(
                        ~~~~~~~~~~~~~~~~~~~~~~~~~~~~~~~^
        endpoint=self.endpoint,
        ^^^^^^^^^^^^^^^^^^^^^^^
    ...<3 lines>...
        timeout=self.timeout,
        ^^^^^^^^^^^^^^^^^^^^^
    )
    ^
  File "/Users/akshatporwal/Documents/projects/NBA_ML/.venv/lib/python3.14/site-packages/nba_api/library/http.py", line 160, in send_api_request
    response = self.get_session().get(
        url=base_url,
    ...<3 lines>...
        timeout=timeout,
    )
  File "/Users/akshatporwal/Documents/projects/NBA_ML/.venv/lib/python3.14/site-packages/requests/sessions.py", line 602, in get
    return self.request("GET", url, **kwargs)
           ~~~~~~~~~~~~^^^^^^^^^^^^^^^^^^^^^^
  File "/Users/akshatporwal/Documents/projects/NBA_ML/.venv/lib/python3.14/site-packages/requests/sessions.py", line 589, in request
    resp = self.send(prep, **send_kwargs)
  File "/Users/akshatporwal/Documents/projects/NBA_ML/.venv/lib/python3.14/site-packages/requests/sessions.py", line 703, in send
    r = adapter.send(request, **kwargs)
  File "/Users/akshatporwal/Documents/projects/NBA_ML/.venv/lib/python3.14/site-packages/requests/adapters.py", line 690, in send
    raise ReadTimeout(e, request=request)
requests.exceptions.ReadTimeout: HTTPSConnectionPool(host='stats.nba.com', port=443): Read timed out. (read timeout=45)
Traceback (most recent call last):
  File "/Users/akshatporwal/Documents/projects/NBA_ML/collect_nba_api_data.py", line 460, in call_endpoint
    response = endpoint_cls(**request_params)
TypeError: TeamPlayerOnOffSummary.__init__() missing 1 required positional argument: 'team_id'
Traceback (most recent call last):
  File "/Users/akshatporwal/Documents/projects/NBA_ML/collect_nba_api_data.py", line 460, in call_endpoint
    response = endpoint_cls(**request_params)
TypeError: TeamPlayerOnOffSummary.__init__() missing 1 required positional argument: 'team_id'
Traceback (most recent call last):
  File "/Users/akshatporwal/Documents/projects/NBA_ML/collect_nba_api_data.py", line 460, in call_endpoint
    response = endpoint_cls(**request_params)
TypeError: TeamPlayerOnOffSummary.__init__() missing 1 required positional argument: 'team_id'
Traceback (most recent call last):
  File "/Users/akshatporwal/Documents/projects/NBA_ML/collect_nba_api_data.py", line 460, in call_endpoint
    response = endpoint_cls(**request_params)
TypeError: TeamPlayerOnOffSummary.__init__() missing 1 required positional argument: 'team_id'
Traceback (most recent call last):
  File "/Users/akshatporwal/Documents/projects/NBA_ML/collect_nba_api_data.py", line 460, in call_endpoint
    response = endpoint_cls(**request_params)
  File "/Users/akshatporwal/Documents/projects/NBA_ML/.venv/lib/python3.14/site-packages/nba_api/stats/endpoints/playercareerstats.py", line 315, in __init__
    self.get_request()
    ~~~~~~~~~~~~~~~~^^
  File "/Users/akshatporwal/Documents/projects/NBA_ML/.venv/lib/python3.14/site-packages/nba_api/stats/endpoints/playercareerstats.py", line 325, in get_request
    self.load_response()
    ~~~~~~~~~~~~~~~~~~^^
  File "/Users/akshatporwal/Documents/projects/NBA_ML/.venv/lib/python3.14/site-packages/nba_api/stats/endpoints/playercareerstats.py", line 328, in load_response
    data_sets = self.nba_response.get_data_sets()
  File "/Users/akshatporwal/Documents/projects/NBA_ML/.venv/lib/python3.14/site-packages/nba_api/stats/library/http.py", line 104, in get_data_sets
    results = raw_dict["resultSet"]
              ~~~~~~~~^^^^^^^^^^^^^
KeyError: 'resultSet'
Traceback (most recent call last):
  File "/Users/akshatporwal/Documents/projects/NBA_ML/collect_nba_api_data.py", line 460, in call_endpoint
    response = endpoint_cls(**request_params)
TypeError: TeamPlayerOnOffSummary.__init__() missing 1 required positional argument: 'team_id'
Traceback (most recent call last):
  File "/Users/akshatporwal/Documents/projects/NBA_ML/collect_nba_api_data.py", line 460, in call_endpoint
    response = endpoint_cls(**request_params)
TypeError: TeamPlayerOnOffSummary.__init__() missing 1 required positional argument: 'team_id'
Traceback (most recent call last):
  File "/Users/akshatporwal/Documents/projects/NBA_ML/collect_nba_api_data.py", line 460, in call_endpoint
    response = endpoint_cls(**request_params)
TypeError: TeamPlayerOnOffSummary.__init__() missing 1 required positional argument: 'team_id'
Traceback (most recent call last):
  File "/Users/akshatporwal/Documents/projects/NBA_ML/collect_nba_api_data.py", line 460, in call_endpoint
    response = endpoint_cls(**request_params)
TypeError: TeamPlayerOnOffSummary.__init__() missing 1 required positional argument: 'team_id'
Traceback (most recent call last):
  File "/Users/akshatporwal/Documents/projects/NBA_ML/collect_nba_api_data.py", line 460, in call_endpoint
    response = endpoint_cls(**request_params)
TypeError: TeamPlayerOnOffSummary.__init__() missing 1 required positional argument: 'team_id'
Traceback (most recent call last):
  File "/Users/akshatporwal/Documents/projects/NBA_ML/collect_nba_api_data.py", line 460, in call_endpoint
    response = endpoint_cls(**request_params)
TypeError: TeamPlayerOnOffSummary.__init__() missing 1 required positional argument: 'team_id'
Traceback (most recent call last):
  File "/Users/akshatporwal/Documents/projects/NBA_ML/collect_nba_api_data.py", line 460, in call_endpoint
    response = endpoint_cls(**request_params)
TypeError: TeamPlayerOnOffSummary.__init__() missing 1 required positional argument: 'team_id'
Traceback (most recent call last):
  File "/Users/akshatporwal/Documents/projects/NBA_ML/collect_nba_api_data.py", line 460, in call_endpoint
    response = endpoint_cls(**request_params)
TypeError: TeamPlayerOnOffSummary.__init__() missing 1 required positional argument: 'team_id'
Traceback (most recent call last):
  File "/Users/akshatporwal/Documents/projects/NBA_ML/collect_nba_api_data.py", line 460, in call_endpoint
    response = endpoint_cls(**request_params)
TypeError: TeamPlayerOnOffSummary.__init__() missing 1 required positional argument: 'team_id'
Traceback (most recent call last):
  File "/Users/akshatporwal/Documents/projects/NBA_ML/collect_nba_api_data.py", line 460, in call_endpoint
    response = endpoint_cls(**request_params)
TypeError: TeamPlayerOnOffSummary.__init__() missing 1 required positional argument: 'team_id'
Traceback (most recent call last):
  File "/Users/akshatporwal/Documents/projects/NBA_ML/collect_nba_api_data.py", line 460, in call_endpoint
    response = endpoint_cls(**request_params)
TypeError: TeamPlayerOnOffSummary.__init__() missing 1 required positional argument: 'team_id'
Traceback (most recent call last):
  File "/Users/akshatporwal/Documents/projects/NBA_ML/collect_nba_api_data.py", line 460, in call_endpoint
    response = endpoint_cls(**request_params)
TypeError: TeamPlayerOnOffSummary.__init__() missing 1 required positional argument: 'team_id'
Traceback (most recent call last):
  File "/Users/akshatporwal/Documents/projects/NBA_ML/collect_nba_api_data.py", line 460, in call_endpoint
    response = endpoint_cls(**request_params)
TypeError: TeamPlayerOnOffSummary.__init__() missing 1 required positional argument: 'team_id'
Traceback (most recent call last):
  File "/Users/akshatporwal/Documents/projects/NBA_ML/collect_nba_api_data.py", line 460, in call_endpoint
    response = endpoint_cls(**request_params)
TypeError: TeamPlayerOnOffSummary.__init__() missing 1 required positional argument: 'team_id'
Traceback (most recent call last):
  File "/Users/akshatporwal/Documents/projects/NBA_ML/collect_nba_api_data.py", line 460, in call_endpoint
    response = endpoint_cls(**request_params)
TypeError: TeamPlayerOnOffSummary.__init__() missing 1 required positional argument: 'team_id'
Traceback (most recent call last):
  File "/Users/akshatporwal/Documents/projects/NBA_ML/collect_nba_api_data.py", line 460, in call_endpoint
    response = endpoint_cls(**request_params)
TypeError: TeamPlayerOnOffSummary.__init__() missing 1 required positional argument: 'team_id'
Traceback (most recent call last):
  File "/Users/akshatporwal/Documents/projects/NBA_ML/collect_nba_api_data.py", line 460, in call_endpoint
    response = endpoint_cls(**request_params)
TypeError: TeamPlayerOnOffSummary.__init__() missing 1 required positional argument: 'team_id'
Traceback (most recent call last):
  File "/Users/akshatporwal/Documents/projects/NBA_ML/collect_nba_api_data.py", line 460, in call_endpoint
    response = endpoint_cls(**request_params)
TypeError: TeamPlayerOnOffSummary.__init__() missing 1 required positional argument: 'team_id'
Traceback (most recent call last):
  File "/Users/akshatporwal/Documents/projects/NBA_ML/collect_nba_api_data.py", line 460, in call_endpoint
    response = endpoint_cls(**request_params)
TypeError: TeamPlayerOnOffSummary.__init__() missing 1 required positional argument: 'team_id'
Traceback (most recent call last):
  File "/Users/akshatporwal/Documents/projects/NBA_ML/collect_nba_api_data.py", line 460, in call_endpoint
    response = endpoint_cls(**request_params)
TypeError: TeamPlayerOnOffSummary.__init__() missing 1 required positional argument: 'team_id'
Traceback (most recent call last):
  File "/Users/akshatporwal/Documents/projects/NBA_ML/collect_nba_api_data.py", line 460, in call_endpoint
    response = endpoint_cls(**request_params)
TypeError: TeamPlayerOnOffSummary.__init__() missing 1 required positional argument: 'team_id'
Traceback (most recent call last):
  File "/Users/akshatporwal/Documents/projects/NBA_ML/collect_nba_api_data.py", line 460, in call_endpoint
    response = endpoint_cls(**request_params)
TypeError: TeamPlayerOnOffSummary.__init__() missing 1 required positional argument: 'team_id'
Traceback (most recent call last):
  File "/Users/akshatporwal/Documents/projects/NBA_ML/collect_nba_api_data.py", line 460, in call_endpoint
    response = endpoint_cls(**request_params)
TypeError: TeamPlayerOnOffSummary.__init__() missing 1 required positional argument: 'team_id'
Traceback (most recent call last):
  File "/Users/akshatporwal/Documents/projects/NBA_ML/collect_nba_api_data.py", line 460, in call_endpoint
    response = endpoint_cls(**request_params)
TypeError: TeamPlayerOnOffSummary.__init__() missing 1 required positional argument: 'team_id'
Traceback (most recent call last):
  File "/Users/akshatporwal/Documents/projects/NBA_ML/collect_nba_api_data.py", line 460, in call_endpoint
    response = endpoint_cls(**request_params)
TypeError: TeamPlayerOnOffSummary.__init__() missing 1 required positional argument: 'team_id'
Traceback (most recent call last):
  File "/Users/akshatporwal/Documents/projects/NBA_ML/collect_nba_api_data.py", line 460, in call_endpoint
    response = endpoint_cls(**request_params)
TypeError: TeamPlayerOnOffSummary.__init__() missing 1 required positional argument: 'team_id'
Traceback (most recent call last):
  File "/Users/akshatporwal/Documents/projects/NBA_ML/collect_nba_api_data.py", line 460, in call_endpoint
    response = endpoint_cls(**request_params)
TypeError: TeamPlayerOnOffSummary.__init__() missing 1 required positional argument: 'team_id'
Traceback (most recent call last):
  File "/Users/akshatporwal/Documents/projects/NBA_ML/collect_nba_api_data.py", line 460, in call_endpoint
    response = endpoint_cls(**request_params)
TypeError: TeamPlayerOnOffSummary.__init__() missing 1 required positional argument: 'team_id'
Traceback (most recent call last):
  File "/Users/akshatporwal/Documents/projects/NBA_ML/collect_nba_api_data.py", line 460, in call_endpoint
    response = endpoint_cls(**request_params)
TypeError: TeamPlayerOnOffSummary.__init__() missing 1 required positional argument: 'team_id'
Traceback (most recent call last):
  File "/Users/akshatporwal/Documents/projects/NBA_ML/collect_nba_api_data.py", line 460, in call_endpoint
    response = endpoint_cls(**request_params)
TypeError: TeamPlayerOnOffSummary.__init__() missing 1 required positional argument: 'team_id'
Traceback (most recent call last):
  File "/Users/akshatporwal/Documents/projects/NBA_ML/collect_nba_api_data.py", line 460, in call_endpoint
    response = endpoint_cls(**request_params)
TypeError: TeamPlayerOnOffSummary.__init__() missing 1 required positional argument: 'team_id'
Traceback (most recent call last):
  File "/Users/akshatporwal/Documents/projects/NBA_ML/collect_nba_api_data.py", line 460, in call_endpoint
    response = endpoint_cls(**request_params)
TypeError: TeamPlayerOnOffSummary.__init__() missing 1 required positional argument: 'team_id'
Traceback (most recent call last):
  File "/Users/akshatporwal/Documents/projects/NBA_ML/collect_nba_api_data.py", line 460, in call_endpoint
    response = endpoint_cls(**request_params)
TypeError: TeamPlayerOnOffSummary.__init__() missing 1 required positional argument: 'team_id'
Traceback (most recent call last):
  File "/Users/akshatporwal/Documents/projects/NBA_ML/collect_nba_api_data.py", line 460, in call_endpoint
    response = endpoint_cls(**request_params)
TypeError: TeamPlayerOnOffSummary.__init__() missing 1 required positional argument: 'team_id'
Traceback (most recent call last):
  File "/Users/akshatporwal/Documents/projects/NBA_ML/collect_nba_api_data.py", line 460, in call_endpoint
    response = endpoint_cls(**request_params)
TypeError: TeamPlayerOnOffSummary.__init__() missing 1 required positional argument: 'team_id'
Traceback (most recent call last):
  File "/Users/akshatporwal/Documents/projects/NBA_ML/collect_nba_api_data.py", line 460, in call_endpoint
    response = endpoint_cls(**request_params)
TypeError: TeamPlayerOnOffSummary.__init__() missing 1 required positional argument: 'team_id'
Traceback (most recent call last):
  File "/Users/akshatporwal/Documents/projects/NBA_ML/collect_nba_api_data.py", line 460, in call_endpoint
    response = endpoint_cls(**request_params)
TypeError: TeamPlayerOnOffSummary.__init__() missing 1 required positional argument: 'team_id'
Traceback (most recent call last):
  File "/Users/akshatporwal/Documents/projects/NBA_ML/collect_nba_api_data.py", line 460, in call_endpoint
    response = endpoint_cls(**request_params)
TypeError: TeamPlayerOnOffSummary.__init__() missing 1 required positional argument: 'team_id'
Traceback (most recent call last):
  File "/Users/akshatporwal/Documents/projects/NBA_ML/collect_nba_api_data.py", line 460, in call_endpoint
    response = endpoint_cls(**request_params)
TypeError: TeamPlayerOnOffSummary.__init__() missing 1 required positional argument: 'team_id'
Traceback (most recent call last):
  File "/Users/akshatporwal/Documents/projects/NBA_ML/collect_nba_api_data.py", line 460, in call_endpoint
    response = endpoint_cls(**request_params)
TypeError: TeamPlayerOnOffSummary.__init__() missing 1 required positional argument: 'team_id'
Traceback (most recent call last):
  File "/Users/akshatporwal/Documents/projects/NBA_ML/collect_nba_api_data.py", line 460, in call_endpoint
    response = endpoint_cls(**request_params)
TypeError: TeamPlayerOnOffSummary.__init__() missing 1 required positional argument: 'team_id'
Traceback (most recent call last):
  File "/Users/akshatporwal/Documents/projects/NBA_ML/collect_nba_api_data.py", line 460, in call_endpoint
    response = endpoint_cls(**request_params)
TypeError: TeamPlayerOnOffSummary.__init__() missing 1 required positional argument: 'team_id'
Traceback (most recent call last):
  File "/Users/akshatporwal/Documents/projects/NBA_ML/collect_nba_api_data.py", line 460, in call_endpoint
    response = endpoint_cls(**request_params)
TypeError: TeamPlayerOnOffSummary.__init__() missing 1 required positional argument: 'team_id'
Traceback (most recent call last):
  File "/Users/akshatporwal/Documents/projects/NBA_ML/collect_nba_api_data.py", line 460, in call_endpoint
    response = endpoint_cls(**request_params)
TypeError: TeamPlayerOnOffSummary.__init__() missing 1 required positional argument: 'team_id'
Traceback (most recent call last):
  File "/Users/akshatporwal/Documents/projects/NBA_ML/collect_nba_api_data.py", line 460, in call_endpoint
    response = endpoint_cls(**request_params)
TypeError: TeamPlayerOnOffSummary.__init__() missing 1 required positional argument: 'team_id'
Traceback (most recent call last):
  File "/Users/akshatporwal/Documents/projects/NBA_ML/collect_nba_api_data.py", line 460, in call_endpoint
    response = endpoint_cls(**request_params)
TypeError: TeamPlayerOnOffSummary.__init__() missing 1 required positional argument: 'team_id'
Traceback (most recent call last):
  File "/Users/akshatporwal/Documents/projects/NBA_ML/collect_nba_api_data.py", line 460, in call_endpoint
    response = endpoint_cls(**request_params)
TypeError: TeamPlayerOnOffSummary.__init__() missing 1 required positional argument: 'team_id'
Traceback (most recent call last):
  File "/Users/akshatporwal/Documents/projects/NBA_ML/collect_nba_api_data.py", line 460, in call_endpoint
    response = endpoint_cls(**request_params)
TypeError: TeamPlayerOnOffSummary.__init__() missing 1 required positional argument: 'team_id'
Traceback (most recent call last):
  File "/Users/akshatporwal/Documents/projects/NBA_ML/collect_nba_api_data.py", line 460, in call_endpoint
    response = endpoint_cls(**request_params)
TypeError: TeamPlayerOnOffSummary.__init__() missing 1 required positional argument: 'team_id'
Traceback (most recent call last):
  File "/Users/akshatporwal/Documents/projects/NBA_ML/collect_nba_api_data.py", line 460, in call_endpoint
    response = endpoint_cls(**request_params)
TypeError: TeamPlayerOnOffSummary.__init__() missing 1 required positional argument: 'team_id'
Traceback (most recent call last):
  File "/Users/akshatporwal/Documents/projects/NBA_ML/collect_nba_api_data.py", line 460, in call_endpoint
    response = endpoint_cls(**request_params)
TypeError: TeamPlayerOnOffSummary.__init__() missing 1 required positional argument: 'team_id'
Traceback (most recent call last):
  File "/Users/akshatporwal/Documents/projects/NBA_ML/collect_nba_api_data.py", line 460, in call_endpoint
    response = endpoint_cls(**request_params)
TypeError: TeamPlayerOnOffSummary.__init__() missing 1 required positional argument: 'team_id'
Traceback (most recent call last):
  File "/Users/akshatporwal/Documents/projects/NBA_ML/collect_nba_api_data.py", line 460, in call_endpoint
    response = endpoint_cls(**request_params)
  File "/Users/akshatporwal/Documents/projects/NBA_ML/.venv/lib/python3.14/site-packages/nba_api/stats/endpoints/shotchartdetail.py", line 152, in __init__
    self.get_request()
    ~~~~~~~~~~~~~~~~^^
  File "/Users/akshatporwal/Documents/projects/NBA_ML/.venv/lib/python3.14/site-packages/nba_api/stats/endpoints/shotchartdetail.py", line 162, in get_request
    self.load_response()
    ~~~~~~~~~~~~~~~~~~^^
  File "/Users/akshatporwal/Documents/projects/NBA_ML/.venv/lib/python3.14/site-packages/nba_api/stats/endpoints/shotchartdetail.py", line 165, in load_response
    data_sets = self.nba_response.get_data_sets()
  File "/Users/akshatporwal/Documents/projects/NBA_ML/.venv/lib/python3.14/site-packages/nba_api/stats/library/http.py", line 97, in get_data_sets
    raw_dict = self.get_dict()
  File "/Users/akshatporwal/Documents/projects/NBA_ML/.venv/lib/python3.14/site-packages/nba_api/library/http.py", line 42, in get_dict
    return json.loads(self._response)
           ~~~~~~~~~~^^^^^^^^^^^^^^^^
  File "/opt/homebrew/Cellar/python@3.14/3.14.0/Frameworks/Python.framework/Versions/3.14/lib/python3.14/json/__init__.py", line 346, in loads
    return _default_decoder.decode(s)
           ~~~~~~~~~~~~~~~~~~~~~~~^^^
  File "/opt/homebrew/Cellar/python@3.14/3.14.0/Frameworks/Python.framework/Versions/3.14/lib/python3.14/json/decoder.py", line 345, in decode
    obj, end = self.raw_decode(s, idx=_w(s, 0).end())
               ~~~~~~~~~~~~~~~^^^^^^^^^^^^^^^^^^^^^^^
  File "/opt/homebrew/Cellar/python@3.14/3.14.0/Frameworks/Python.framework/Versions/3.14/lib/python3.14/json/decoder.py", line 363, in raw_decode
    raise JSONDecodeError("Expecting value", s, err.value) from None
json.decoder.JSONDecodeError: Expecting value: line 1 column 1 (char 0)
Traceback (most recent call last):
  File "/Users/akshatporwal/Documents/projects/NBA_ML/collect_nba_api_data.py", line 460, in call_endpoint
    response = endpoint_cls(**request_params)
TypeError: TeamPlayerOnOffSummary.__init__() missing 1 required positional argument: 'team_id'
Traceback (most recent call last):
  File "/Users/akshatporwal/Documents/projects/NBA_ML/collect_nba_api_data.py", line 460, in call_endpoint
    response = endpoint_cls(**request_params)
TypeError: TeamPlayerOnOffSummary.__init__() missing 1 required positional argument: 'team_id'
Traceback (most recent call last):
  File "/Users/akshatporwal/Documents/projects/NBA_ML/collect_nba_api_data.py", line 460, in call_endpoint
    response = endpoint_cls(**request_params)
TypeError: TeamPlayerOnOffSummary.__init__() missing 1 required positional argument: 'team_id'
Traceback (most recent call last):
  File "/Users/akshatporwal/Documents/projects/NBA_ML/collect_nba_api_data.py", line 460, in call_endpoint
    response = endpoint_cls(**request_params)
TypeError: TeamPlayerOnOffSummary.__init__() missing 1 required positional argument: 'team_id'
Traceback (most recent call last):
  File "/Users/akshatporwal/Documents/projects/NBA_ML/collect_nba_api_data.py", line 460, in call_endpoint
    response = endpoint_cls(**request_params)
  File "/Users/akshatporwal/Documents/projects/NBA_ML/.venv/lib/python3.14/site-packages/nba_api/stats/endpoints/playercareerstats.py", line 315, in __init__
    self.get_request()
    ~~~~~~~~~~~~~~~~^^
  File "/Users/akshatporwal/Documents/projects/NBA_ML/.venv/lib/python3.14/site-packages/nba_api/stats/endpoints/playercareerstats.py", line 325, in get_request
    self.load_response()
    ~~~~~~~~~~~~~~~~~~^^
  File "/Users/akshatporwal/Documents/projects/NBA_ML/.venv/lib/python3.14/site-packages/nba_api/stats/endpoints/playercareerstats.py", line 328, in load_response
    data_sets = self.nba_response.get_data_sets()
  File "/Users/akshatporwal/Documents/projects/NBA_ML/.venv/lib/python3.14/site-packages/nba_api/stats/library/http.py", line 104, in get_data_sets
    results = raw_dict["resultSet"]
              ~~~~~~~~^^^^^^^^^^^^^
KeyError: 'resultSet'
Traceback (most recent call last):
  File "/Users/akshatporwal/Documents/projects/NBA_ML/collect_nba_api_data.py", line 460, in call_endpoint
    response = endpoint_cls(**request_params)
TypeError: TeamPlayerOnOffSummary.__init__() missing 1 required positional argument: 'team_id'
Traceback (most recent call last):
  File "/Users/akshatporwal/Documents/projects/NBA_ML/collect_nba_api_data.py", line 460, in call_endpoint
    response = endpoint_cls(**request_params)
TypeError: TeamPlayerOnOffSummary.__init__() missing 1 required positional argument: 'team_id'
Traceback (most recent call last):
  File "/Users/akshatporwal/Documents/projects/NBA_ML/collect_nba_api_data.py", line 460, in call_endpoint
    response = endpoint_cls(**request_params)
TypeError: TeamPlayerOnOffSummary.__init__() missing 1 required positional argument: 'team_id'
Traceback (most recent call last):
  File "/Users/akshatporwal/Documents/projects/NBA_ML/collect_nba_api_data.py", line 460, in call_endpoint
    response = endpoint_cls(**request_params)
TypeError: TeamPlayerOnOffSummary.__init__() missing 1 required positional argument: 'team_id'
Traceback (most recent call last):
  File "/Users/akshatporwal/Documents/projects/NBA_ML/collect_nba_api_data.py", line 460, in call_endpoint
    response = endpoint_cls(**request_params)
TypeError: TeamPlayerOnOffSummary.__init__() missing 1 required positional argument: 'team_id'
Traceback (most recent call last):
  File "/Users/akshatporwal/Documents/projects/NBA_ML/collect_nba_api_data.py", line 460, in call_endpoint
    response = endpoint_cls(**request_params)
TypeError: TeamPlayerOnOffSummary.__init__() missing 1 required positional argument: 'team_id'
Traceback (most recent call last):
  File "/Users/akshatporwal/Documents/projects/NBA_ML/collect_nba_api_data.py", line 460, in call_endpoint
    response = endpoint_cls(**request_params)
TypeError: TeamPlayerOnOffSummary.__init__() missing 1 required positional argument: 'team_id'
Traceback (most recent call last):
  File "/Users/akshatporwal/Documents/projects/NBA_ML/collect_nba_api_data.py", line 460, in call_endpoint
    response = endpoint_cls(**request_params)
TypeError: TeamPlayerOnOffSummary.__init__() missing 1 required positional argument: 'team_id'
Traceback (most recent call last):
  File "/Users/akshatporwal/Documents/projects/NBA_ML/collect_nba_api_data.py", line 460, in call_endpoint
    response = endpoint_cls(**request_params)
TypeError: TeamPlayerOnOffSummary.__init__() missing 1 required positional argument: 'team_id'
Traceback (most recent call last):
  File "/Users/akshatporwal/Documents/projects/NBA_ML/collect_nba_api_data.py", line 460, in call_endpoint
    response = endpoint_cls(**request_params)
TypeError: TeamPlayerOnOffSummary.__init__() missing 1 required positional argument: 'team_id'
Traceback (most recent call last):
  File "/Users/akshatporwal/Documents/projects/NBA_ML/collect_nba_api_data.py", line 460, in call_endpoint
    response = endpoint_cls(**request_params)
TypeError: TeamPlayerOnOffSummary.__init__() missing 1 required positional argument: 'team_id'
Traceback (most recent call last):
  File "/Users/akshatporwal/Documents/projects/NBA_ML/collect_nba_api_data.py", line 460, in call_endpoint
    response = endpoint_cls(**request_params)
TypeError: TeamPlayerOnOffSummary.__init__() missing 1 required positional argument: 'team_id'
Traceback (most recent call last):
  File "/Users/akshatporwal/Documents/projects/NBA_ML/collect_nba_api_data.py", line 460, in call_endpoint
    response = endpoint_cls(**request_params)
TypeError: TeamPlayerOnOffSummary.__init__() missing 1 required positional argument: 'team_id'
Traceback (most recent call last):
  File "/Users/akshatporwal/Documents/projects/NBA_ML/collect_nba_api_data.py", line 460, in call_endpoint
    response = endpoint_cls(**request_params)
TypeError: TeamPlayerOnOffSummary.__init__() missing 1 required positional argument: 'team_id'
Traceback (most recent call last):
  File "/Users/akshatporwal/Documents/projects/NBA_ML/collect_nba_api_data.py", line 460, in call_endpoint
    response = endpoint_cls(**request_params)
TypeError: TeamPlayerOnOffSummary.__init__() missing 1 required positional argument: 'team_id'
Traceback (most recent call last):
  File "/Users/akshatporwal/Documents/projects/NBA_ML/collect_nba_api_data.py", line 460, in call_endpoint
    response = endpoint_cls(**request_params)
TypeError: TeamPlayerOnOffSummary.__init__() missing 1 required positional argument: 'team_id'
Traceback (most recent call last):
  File "/Users/akshatporwal/Documents/projects/NBA_ML/collect_nba_api_data.py", line 460, in call_endpoint
    response = endpoint_cls(**request_params)
TypeError: TeamPlayerOnOffSummary.__init__() missing 1 required positional argument: 'team_id'
Traceback (most recent call last):
  File "/Users/akshatporwal/Documents/projects/NBA_ML/collect_nba_api_data.py", line 460, in call_endpoint
    response = endpoint_cls(**request_params)
TypeError: TeamPlayerOnOffSummary.__init__() missing 1 required positional argument: 'team_id'
Traceback (most recent call last):
  File "/Users/akshatporwal/Documents/projects/NBA_ML/collect_nba_api_data.py", line 460, in call_endpoint
    response = endpoint_cls(**request_params)
TypeError: TeamPlayerOnOffSummary.__init__() missing 1 required positional argument: 'team_id'
Traceback (most recent call last):
  File "/Users/akshatporwal/Documents/projects/NBA_ML/collect_nba_api_data.py", line 460, in call_endpoint
    response = endpoint_cls(**request_params)
TypeError: TeamPlayerOnOffSummary.__init__() missing 1 required positional argument: 'team_id'
Traceback (most recent call last):
  File "/Users/akshatporwal/Documents/projects/NBA_ML/collect_nba_api_data.py", line 460, in call_endpoint
    response = endpoint_cls(**request_params)
TypeError: TeamPlayerOnOffSummary.__init__() missing 1 required positional argument: 'team_id'
Traceback (most recent call last):
  File "/Users/akshatporwal/Documents/projects/NBA_ML/collect_nba_api_data.py", line 460, in call_endpoint
    response = endpoint_cls(**request_params)
TypeError: TeamPlayerOnOffSummary.__init__() missing 1 required positional argument: 'team_id'
Traceback (most recent call last):
  File "/Users/akshatporwal/Documents/projects/NBA_ML/collect_nba_api_data.py", line 460, in call_endpoint
    response = endpoint_cls(**request_params)
TypeError: TeamPlayerOnOffSummary.__init__() missing 1 required positional argument: 'team_id'
Traceback (most recent call last):
  File "/Users/akshatporwal/Documents/projects/NBA_ML/collect_nba_api_data.py", line 460, in call_endpoint
    response = endpoint_cls(**request_params)
  File "/Users/akshatporwal/Documents/projects/NBA_ML/.venv/lib/python3.14/site-packages/nba_api/stats/endpoints/playercareerstats.py", line 315, in __init__
    self.get_request()
    ~~~~~~~~~~~~~~~~^^
  File "/Users/akshatporwal/Documents/projects/NBA_ML/.venv/lib/python3.14/site-packages/nba_api/stats/endpoints/playercareerstats.py", line 325, in get_request
    self.load_response()
    ~~~~~~~~~~~~~~~~~~^^
  File "/Users/akshatporwal/Documents/projects/NBA_ML/.venv/lib/python3.14/site-packages/nba_api/stats/endpoints/playercareerstats.py", line 328, in load_response
    data_sets = self.nba_response.get_data_sets()
  File "/Users/akshatporwal/Documents/projects/NBA_ML/.venv/lib/python3.14/site-packages/nba_api/stats/library/http.py", line 104, in get_data_sets
    results = raw_dict["resultSet"]
              ~~~~~~~~^^^^^^^^^^^^^
KeyError: 'resultSet'
Traceback (most recent call last):
  File "/Users/akshatporwal/Documents/projects/NBA_ML/collect_nba_api_data.py", line 460, in call_endpoint
    response = endpoint_cls(**request_params)
TypeError: TeamPlayerOnOffSummary.__init__() missing 1 required positional argument: 'team_id'
Traceback (most recent call last):
  File "/Users/akshatporwal/Documents/projects/NBA_ML/collect_nba_api_data.py", line 460, in call_endpoint
    response = endpoint_cls(**request_params)
TypeError: TeamPlayerOnOffSummary.__init__() missing 1 required positional argument: 'team_id'
Traceback (most recent call last):
  File "/Users/akshatporwal/Documents/projects/NBA_ML/collect_nba_api_data.py", line 460, in call_endpoint
    response = endpoint_cls(**request_params)
TypeError: TeamPlayerOnOffSummary.__init__() missing 1 required positional argument: 'team_id'
Traceback (most recent call last):
  File "/Users/akshatporwal/Documents/projects/NBA_ML/collect_nba_api_data.py", line 460, in call_endpoint
    response = endpoint_cls(**request_params)
TypeError: TeamPlayerOnOffSummary.__init__() missing 1 required positional argument: 'team_id'
Traceback (most recent call last):
  File "/Users/akshatporwal/Documents/projects/NBA_ML/collect_nba_api_data.py", line 460, in call_endpoint
    response = endpoint_cls(**request_params)
TypeError: TeamPlayerOnOffSummary.__init__() missing 1 required positional argument: 'team_id'
Traceback (most recent call last):
  File "/Users/akshatporwal/Documents/projects/NBA_ML/collect_nba_api_data.py", line 460, in call_endpoint
    response = endpoint_cls(**request_params)
TypeError: TeamPlayerOnOffSummary.__init__() missing 1 required positional argument: 'team_id'
Traceback (most recent call last):
  File "/Users/akshatporwal/Documents/projects/NBA_ML/collect_nba_api_data.py", line 460, in call_endpoint
    response = endpoint_cls(**request_params)
TypeError: TeamPlayerOnOffSummary.__init__() missing 1 required positional argument: 'team_id'
Traceback (most recent call last):
  File "/Users/akshatporwal/Documents/projects/NBA_ML/.venv/lib/python3.14/site-packages/urllib3/connectionpool.py", line 534, in _make_request
    response = conn.getresponse()
  File "/Users/akshatporwal/Documents/projects/NBA_ML/.venv/lib/python3.14/site-packages/urllib3/connection.py", line 571, in getresponse
    httplib_response = super().getresponse()
  File "/opt/homebrew/Cellar/python@3.14/3.14.0/Frameworks/Python.framework/Versions/3.14/lib/python3.14/http/client.py", line 1430, in getresponse
    response.begin()
    ~~~~~~~~~~~~~~^^
  File "/opt/homebrew/Cellar/python@3.14/3.14.0/Frameworks/Python.framework/Versions/3.14/lib/python3.14/http/client.py", line 331, in begin
    version, status, reason = self._read_status()
                              ~~~~~~~~~~~~~~~~~^^
  File "/opt/homebrew/Cellar/python@3.14/3.14.0/Frameworks/Python.framework/Versions/3.14/lib/python3.14/http/client.py", line 292, in _read_status
    line = str(self.fp.readline(_MAXLINE + 1), "iso-8859-1")
               ~~~~~~~~~~~~~~~~^^^^^^^^^^^^^^
  File "/opt/homebrew/Cellar/python@3.14/3.14.0/Frameworks/Python.framework/Versions/3.14/lib/python3.14/socket.py", line 725, in readinto
    return self._sock.recv_into(b)
           ~~~~~~~~~~~~~~~~~~~~^^^
  File "/opt/homebrew/Cellar/python@3.14/3.14.0/Frameworks/Python.framework/Versions/3.14/lib/python3.14/ssl.py", line 1304, in recv_into
    return self.read(nbytes, buffer)
           ~~~~~~~~~^^^^^^^^^^^^^^^^
  File "/opt/homebrew/Cellar/python@3.14/3.14.0/Frameworks/Python.framework/Versions/3.14/lib/python3.14/ssl.py", line 1138, in read
    return self._sslobj.read(len, buffer)
           ~~~~~~~~~~~~~~~~~^^^^^^^^^^^^^
TimeoutError: The read operation timed out

The above exception was the direct cause of the following exception:

Traceback (most recent call last):
  File "/Users/akshatporwal/Documents/projects/NBA_ML/.venv/lib/python3.14/site-packages/requests/adapters.py", line 644, in send
    resp = conn.urlopen(
        method=request.method,
    ...<9 lines>...
        chunked=chunked,
    )
  File "/Users/akshatporwal/Documents/projects/NBA_ML/.venv/lib/python3.14/site-packages/urllib3/connectionpool.py", line 841, in urlopen
    retries = retries.increment(
        method, url, error=new_e, _pool=self, _stacktrace=sys.exc_info()[2]
    )
  File "/Users/akshatporwal/Documents/projects/NBA_ML/.venv/lib/python3.14/site-packages/urllib3/util/retry.py", line 490, in increment
    raise reraise(type(error), error, _stacktrace)
          ~~~~~~~^^^^^^^^^^^^^^^^^^^^^^^^^^^^^^^^^
  File "/Users/akshatporwal/Documents/projects/NBA_ML/.venv/lib/python3.14/site-packages/urllib3/util/util.py", line 39, in reraise
    raise value
  File "/Users/akshatporwal/Documents/projects/NBA_ML/.venv/lib/python3.14/site-packages/urllib3/connectionpool.py", line 787, in urlopen
    response = self._make_request(
        conn,
    ...<10 lines>...
        **response_kw,
    )
  File "/Users/akshatporwal/Documents/projects/NBA_ML/.venv/lib/python3.14/site-packages/urllib3/connectionpool.py", line 536, in _make_request
    self._raise_timeout(err=e, url=url, timeout_value=read_timeout)
    ~~~~~~~~~~~~~~~~~~~^^^^^^^^^^^^^^^^^^^^^^^^^^^^^^^^^^^^^^^^^^^^
  File "/Users/akshatporwal/Documents/projects/NBA_ML/.venv/lib/python3.14/site-packages/urllib3/connectionpool.py", line 367, in _raise_timeout
    raise ReadTimeoutError(
        self, url, f"Read timed out. (read timeout={timeout_value})"
    ) from err
urllib3.exceptions.ReadTimeoutError: HTTPSConnectionPool(host='stats.nba.com', port=443): Read timed out. (read timeout=45)

During handling of the above exception, another exception occurred:

Traceback (most recent call last):
  File "/Users/akshatporwal/Documents/projects/NBA_ML/collect_nba_api_data.py", line 460, in call_endpoint
    response = endpoint_cls(**request_params)
  File "/Users/akshatporwal/Documents/projects/NBA_ML/.venv/lib/python3.14/site-packages/nba_api/stats/endpoints/playergamelog.py", line 72, in __init__
    self.get_request()
    ~~~~~~~~~~~~~~~~^^
  File "/Users/akshatporwal/Documents/projects/NBA_ML/.venv/lib/python3.14/site-packages/nba_api/stats/endpoints/playergamelog.py", line 75, in get_request
    self.nba_response = NBAStatsHTTP().send_api_request(
                        ~~~~~~~~~~~~~~~~~~~~~~~~~~~~~~~^
        endpoint=self.endpoint,
        ^^^^^^^^^^^^^^^^^^^^^^^
    ...<3 lines>...
        timeout=self.timeout,
        ^^^^^^^^^^^^^^^^^^^^^
    )
    ^
  File "/Users/akshatporwal/Documents/projects/NBA_ML/.venv/lib/python3.14/site-packages/nba_api/library/http.py", line 160, in send_api_request
    response = self.get_session().get(
        url=base_url,
    ...<3 lines>...
        timeout=timeout,
    )
  File "/Users/akshatporwal/Documents/projects/NBA_ML/.venv/lib/python3.14/site-packages/requests/sessions.py", line 602, in get
    return self.request("GET", url, **kwargs)
           ~~~~~~~~~~~~^^^^^^^^^^^^^^^^^^^^^^
  File "/Users/akshatporwal/Documents/projects/NBA_ML/.venv/lib/python3.14/site-packages/requests/sessions.py", line 589, in request
    resp = self.send(prep, **send_kwargs)
  File "/Users/akshatporwal/Documents/projects/NBA_ML/.venv/lib/python3.14/site-packages/requests/sessions.py", line 703, in send
    r = adapter.send(request, **kwargs)
  File "/Users/akshatporwal/Documents/projects/NBA_ML/.venv/lib/python3.14/site-packages/requests/adapters.py", line 690, in send
    raise ReadTimeout(e, request=request)
requests.exceptions.ReadTimeout: HTTPSConnectionPool(host='stats.nba.com', port=443): Read timed out. (read timeout=45)
Traceback (most recent call last):
  File "/Users/akshatporwal/Documents/projects/NBA_ML/collect_nba_api_data.py", line 460, in call_endpoint
    response = endpoint_cls(**request_params)
TypeError: TeamPlayerOnOffSummary.__init__() missing 1 required positional argument: 'team_id'
Traceback (most recent call last):
  File "/Users/akshatporwal/Documents/projects/NBA_ML/collect_nba_api_data.py", line 460, in call_endpoint
    response = endpoint_cls(**request_params)
TypeError: TeamPlayerOnOffSummary.__init__() missing 1 required positional argument: 'team_id'
Traceback (most recent call last):
  File "/Users/akshatporwal/Documents/projects/NBA_ML/collect_nba_api_data.py", line 460, in call_endpoint
    response = endpoint_cls(**request_params)
TypeError: TeamPlayerOnOffSummary.__init__() missing 1 required positional argument: 'team_id'
Traceback (most recent call last):
  File "/Users/akshatporwal/Documents/projects/NBA_ML/collect_nba_api_data.py", line 460, in call_endpoint
    response = endpoint_cls(**request_params)
TypeError: TeamPlayerOnOffSummary.__init__() missing 1 required positional argument: 'team_id'
Traceback (most recent call last):
  File "/Users/akshatporwal/Documents/projects/NBA_ML/collect_nba_api_data.py", line 460, in call_endpoint
    response = endpoint_cls(**request_params)
TypeError: TeamPlayerOnOffSummary.__init__() missing 1 required positional argument: 'team_id'
Traceback (most recent call last):
  File "/Users/akshatporwal/Documents/projects/NBA_ML/collect_nba_api_data.py", line 460, in call_endpoint
    response = endpoint_cls(**request_params)
TypeError: TeamPlayerOnOffSummary.__init__() missing 1 required positional argument: 'team_id'
Traceback (most recent call last):
  File "/Users/akshatporwal/Documents/projects/NBA_ML/collect_nba_api_data.py", line 460, in call_endpoint
    response = endpoint_cls(**request_params)
TypeError: TeamPlayerOnOffSummary.__init__() missing 1 required positional argument: 'team_id'
Traceback (most recent call last):
  File "/Users/akshatporwal/Documents/projects/NBA_ML/collect_nba_api_data.py", line 460, in call_endpoint
    response = endpoint_cls(**request_params)
TypeError: TeamPlayerOnOffSummary.__init__() missing 1 required positional argument: 'team_id'
Traceback (most recent call last):
  File "/Users/akshatporwal/Documents/projects/NBA_ML/collect_nba_api_data.py", line 460, in call_endpoint
    response = endpoint_cls(**request_params)
TypeError: TeamPlayerOnOffSummary.__init__() missing 1 required positional argument: 'team_id'
Traceback (most recent call last):
  File "/Users/akshatporwal/Documents/projects/NBA_ML/collect_nba_api_data.py", line 460, in call_endpoint
    response = endpoint_cls(**request_params)
TypeError: TeamPlayerOnOffSummary.__init__() missing 1 required positional argument: 'team_id'
Traceback (most recent call last):
  File "/Users/akshatporwal/Documents/projects/NBA_ML/collect_nba_api_data.py", line 460, in call_endpoint
    response = endpoint_cls(**request_params)
TypeError: TeamPlayerOnOffSummary.__init__() missing 1 required positional argument: 'team_id'
Traceback (most recent call last):
  File "/Users/akshatporwal/Documents/projects/NBA_ML/collect_nba_api_data.py", line 460, in call_endpoint
    response = endpoint_cls(**request_params)
TypeError: TeamPlayerOnOffSummary.__init__() missing 1 required positional argument: 'team_id'
Traceback (most recent call last):
  File "/Users/akshatporwal/Documents/projects/NBA_ML/collect_nba_api_data.py", line 460, in call_endpoint
    response = endpoint_cls(**request_params)
TypeError: TeamPlayerOnOffSummary.__init__() missing 1 required positional argument: 'team_id'
Traceback (most recent call last):
  File "/Users/akshatporwal/Documents/projects/NBA_ML/collect_nba_api_data.py", line 460, in call_endpoint
    response = endpoint_cls(**request_params)
TypeError: TeamPlayerOnOffSummary.__init__() missing 1 required positional argument: 'team_id'
Traceback (most recent call last):
  File "/Users/akshatporwal/Documents/projects/NBA_ML/collect_nba_api_data.py", line 460, in call_endpoint
    response = endpoint_cls(**request_params)
TypeError: TeamPlayerOnOffSummary.__init__() missing 1 required positional argument: 'team_id'
Traceback (most recent call last):
  File "/Users/akshatporwal/Documents/projects/NBA_ML/collect_nba_api_data.py", line 460, in call_endpoint
    response = endpoint_cls(**request_params)
TypeError: TeamPlayerOnOffSummary.__init__() missing 1 required positional argument: 'team_id'
Traceback (most recent call last):
  File "/Users/akshatporwal/Documents/projects/NBA_ML/collect_nba_api_data.py", line 460, in call_endpoint
    response = endpoint_cls(**request_params)
TypeError: TeamPlayerOnOffSummary.__init__() missing 1 required positional argument: 'team_id'
Traceback (most recent call last):
  File "/Users/akshatporwal/Documents/projects/NBA_ML/collect_nba_api_data.py", line 460, in call_endpoint
    response = endpoint_cls(**request_params)
TypeError: TeamPlayerOnOffSummary.__init__() missing 1 required positional argument: 'team_id'
Traceback (most recent call last):
  File "/Users/akshatporwal/Documents/projects/NBA_ML/collect_nba_api_data.py", line 460, in call_endpoint
    response = endpoint_cls(**request_params)
TypeError: TeamPlayerOnOffSummary.__init__() missing 1 required positional argument: 'team_id'
Traceback (most recent call last):
  File "/Users/akshatporwal/Documents/projects/NBA_ML/collect_nba_api_data.py", line 460, in call_endpoint
    response = endpoint_cls(**request_params)
TypeError: TeamPlayerOnOffSummary.__init__() missing 1 required positional argument: 'team_id'
Traceback (most recent call last):
  File "/Users/akshatporwal/Documents/projects/NBA_ML/collect_nba_api_data.py", line 460, in call_endpoint
    response = endpoint_cls(**request_params)
TypeError: TeamPlayerOnOffSummary.__init__() missing 1 required positional argument: 'team_id'
Traceback (most recent call last):
  File "/Users/akshatporwal/Documents/projects/NBA_ML/collect_nba_api_data.py", line 460, in call_endpoint
    response = endpoint_cls(**request_params)
TypeError: TeamPlayerOnOffSummary.__init__() missing 1 required positional argument: 'team_id'
Traceback (most recent call last):
  File "/Users/akshatporwal/Documents/projects/NBA_ML/collect_nba_api_data.py", line 460, in call_endpoint
    response = endpoint_cls(**request_params)
TypeError: TeamPlayerOnOffSummary.__init__() missing 1 required positional argument: 'team_id'
Traceback (most recent call last):
  File "/Users/akshatporwal/Documents/projects/NBA_ML/collect_nba_api_data.py", line 460, in call_endpoint
    response = endpoint_cls(**request_params)
TypeError: TeamPlayerOnOffSummary.__init__() missing 1 required positional argument: 'team_id'
Traceback (most recent call last):
  File "/Users/akshatporwal/Documents/projects/NBA_ML/collect_nba_api_data.py", line 460, in call_endpoint
    response = endpoint_cls(**request_params)
TypeError: TeamPlayerOnOffSummary.__init__() missing 1 required positional argument: 'team_id'
Traceback (most recent call last):
  File "/Users/akshatporwal/Documents/projects/NBA_ML/collect_nba_api_data.py", line 460, in call_endpoint
    response = endpoint_cls(**request_params)
TypeError: TeamPlayerOnOffSummary.__init__() missing 1 required positional argument: 'team_id'
Traceback (most recent call last):
  File "/Users/akshatporwal/Documents/projects/NBA_ML/collect_nba_api_data.py", line 460, in call_endpoint
    response = endpoint_cls(**request_params)
TypeError: TeamPlayerOnOffSummary.__init__() missing 1 required positional argument: 'team_id'
Traceback (most recent call last):
  File "/Users/akshatporwal/Documents/projects/NBA_ML/collect_nba_api_data.py", line 460, in call_endpoint
    response = endpoint_cls(**request_params)
TypeError: TeamPlayerOnOffSummary.__init__() missing 1 required positional argument: 'team_id'
Traceback (most recent call last):
  File "/Users/akshatporwal/Documents/projects/NBA_ML/collect_nba_api_data.py", line 460, in call_endpoint
    response = endpoint_cls(**request_params)
TypeError: TeamPlayerOnOffSummary.__init__() missing 1 required positional argument: 'team_id'
Traceback (most recent call last):
  File "/Users/akshatporwal/Documents/projects/NBA_ML/collect_nba_api_data.py", line 460, in call_endpoint
    response = endpoint_cls(**request_params)
TypeError: TeamPlayerOnOffSummary.__init__() missing 1 required positional argument: 'team_id'
Traceback (most recent call last):
  File "/Users/akshatporwal/Documents/projects/NBA_ML/collect_nba_api_data.py", line 460, in call_endpoint
    response = endpoint_cls(**request_params)
TypeError: TeamPlayerOnOffSummary.__init__() missing 1 required positional argument: 'team_id'
Traceback (most recent call last):
  File "/Users/akshatporwal/Documents/projects/NBA_ML/collect_nba_api_data.py", line 460, in call_endpoint
    response = endpoint_cls(**request_params)
TypeError: TeamPlayerOnOffSummary.__init__() missing 1 required positional argument: 'team_id'
Traceback (most recent call last):
  File "/Users/akshatporwal/Documents/projects/NBA_ML/collect_nba_api_data.py", line 460, in call_endpoint
    response = endpoint_cls(**request_params)
TypeError: TeamPlayerOnOffSummary.__init__() missing 1 required positional argument: 'team_id'
Traceback (most recent call last):
  File "/Users/akshatporwal/Documents/projects/NBA_ML/collect_nba_api_data.py", line 460, in call_endpoint
    response = endpoint_cls(**request_params)
TypeError: TeamPlayerOnOffSummary.__init__() missing 1 required positional argument: 'team_id'
Traceback (most recent call last):
  File "/Users/akshatporwal/Documents/projects/NBA_ML/collect_nba_api_data.py", line 460, in call_endpoint
    response = endpoint_cls(**request_params)
TypeError: TeamPlayerOnOffSummary.__init__() missing 1 required positional argument: 'team_id'
Traceback (most recent call last):
  File "/Users/akshatporwal/Documents/projects/NBA_ML/collect_nba_api_data.py", line 460, in call_endpoint
    response = endpoint_cls(**request_params)
TypeError: TeamPlayerOnOffSummary.__init__() missing 1 required positional argument: 'team_id'
Traceback (most recent call last):
  File "/Users/akshatporwal/Documents/projects/NBA_ML/collect_nba_api_data.py", line 460, in call_endpoint
    response = endpoint_cls(**request_params)
TypeError: TeamPlayerOnOffSummary.__init__() missing 1 required positional argument: 'team_id'
Traceback (most recent call last):
  File "/Users/akshatporwal/Documents/projects/NBA_ML/collect_nba_api_data.py", line 460, in call_endpoint
    response = endpoint_cls(**request_params)
TypeError: TeamPlayerOnOffSummary.__init__() missing 1 required positional argument: 'team_id'
Traceback (most recent call last):
  File "/Users/akshatporwal/Documents/projects/NBA_ML/collect_nba_api_data.py", line 460, in call_endpoint
    response = endpoint_cls(**request_params)
  File "/Users/akshatporwal/Documents/projects/NBA_ML/.venv/lib/python3.14/site-packages/nba_api/stats/endpoints/playercareerstats.py", line 315, in __init__
    self.get_request()
    ~~~~~~~~~~~~~~~~^^
  File "/Users/akshatporwal/Documents/projects/NBA_ML/.venv/lib/python3.14/site-packages/nba_api/stats/endpoints/playercareerstats.py", line 325, in get_request
    self.load_response()
    ~~~~~~~~~~~~~~~~~~^^
  File "/Users/akshatporwal/Documents/projects/NBA_ML/.venv/lib/python3.14/site-packages/nba_api/stats/endpoints/playercareerstats.py", line 328, in load_response
    data_sets = self.nba_response.get_data_sets()
  File "/Users/akshatporwal/Documents/projects/NBA_ML/.venv/lib/python3.14/site-packages/nba_api/stats/library/http.py", line 104, in get_data_sets
    results = raw_dict["resultSet"]
              ~~~~~~~~^^^^^^^^^^^^^
KeyError: 'resultSet'
Traceback (most recent call last):
  File "/Users/akshatporwal/Documents/projects/NBA_ML/collect_nba_api_data.py", line 460, in call_endpoint
    response = endpoint_cls(**request_params)
TypeError: TeamPlayerOnOffSummary.__init__() missing 1 required positional argument: 'team_id'
Traceback (most recent call last):
  File "/Users/akshatporwal/Documents/projects/NBA_ML/collect_nba_api_data.py", line 460, in call_endpoint
    response = endpoint_cls(**request_params)
TypeError: TeamPlayerOnOffSummary.__init__() missing 1 required positional argument: 'team_id'
Traceback (most recent call last):
  File "/Users/akshatporwal/Documents/projects/NBA_ML/collect_nba_api_data.py", line 460, in call_endpoint
    response = endpoint_cls(**request_params)
TypeError: TeamPlayerOnOffSummary.__init__() missing 1 required positional argument: 'team_id'
Traceback (most recent call last):
  File "/Users/akshatporwal/Documents/projects/NBA_ML/collect_nba_api_data.py", line 460, in call_endpoint
    response = endpoint_cls(**request_params)
TypeError: TeamPlayerOnOffSummary.__init__() missing 1 required positional argument: 'team_id'
Traceback (most recent call last):
  File "/Users/akshatporwal/Documents/projects/NBA_ML/collect_nba_api_data.py", line 460, in call_endpoint
    response = endpoint_cls(**request_params)
TypeError: TeamPlayerOnOffSummary.__init__() missing 1 required positional argument: 'team_id'
Traceback (most recent call last):
  File "/Users/akshatporwal/Documents/projects/NBA_ML/collect_nba_api_data.py", line 460, in call_endpoint
    response = endpoint_cls(**request_params)
TypeError: TeamPlayerOnOffSummary.__init__() missing 1 required positional argument: 'team_id'
Traceback (most recent call last):
  File "/Users/akshatporwal/Documents/projects/NBA_ML/collect_nba_api_data.py", line 460, in call_endpoint
    response = endpoint_cls(**request_params)
TypeError: TeamPlayerOnOffSummary.__init__() missing 1 required positional argument: 'team_id'
Traceback (most recent call last):
  File "/Users/akshatporwal/Documents/projects/NBA_ML/collect_nba_api_data.py", line 460, in call_endpoint
    response = endpoint_cls(**request_params)
TypeError: TeamPlayerOnOffSummary.__init__() missing 1 required positional argument: 'team_id'
Traceback (most recent call last):
  File "/Users/akshatporwal/Documents/projects/NBA_ML/collect_nba_api_data.py", line 460, in call_endpoint
    response = endpoint_cls(**request_params)
TypeError: TeamPlayerOnOffSummary.__init__() missing 1 required positional argument: 'team_id'
Traceback (most recent call last):
  File "/Users/akshatporwal/Documents/projects/NBA_ML/collect_nba_api_data.py", line 460, in call_endpoint
    response = endpoint_cls(**request_params)
TypeError: TeamPlayerOnOffSummary.__init__() missing 1 required positional argument: 'team_id'
Traceback (most recent call last):
  File "/Users/akshatporwal/Documents/projects/NBA_ML/collect_nba_api_data.py", line 460, in call_endpoint
    response = endpoint_cls(**request_params)
TypeError: TeamPlayerOnOffSummary.__init__() missing 1 required positional argument: 'team_id'
Traceback (most recent call last):
  File "/Users/akshatporwal/Documents/projects/NBA_ML/collect_nba_api_data.py", line 460, in call_endpoint
    response = endpoint_cls(**request_params)
TypeError: TeamPlayerOnOffSummary.__init__() missing 1 required positional argument: 'team_id'
Traceback (most recent call last):
  File "/Users/akshatporwal/Documents/projects/NBA_ML/collect_nba_api_data.py", line 460, in call_endpoint
    response = endpoint_cls(**request_params)
TypeError: TeamPlayerOnOffSummary.__init__() missing 1 required positional argument: 'team_id'
Traceback (most recent call last):
  File "/Users/akshatporwal/Documents/projects/NBA_ML/collect_nba_api_data.py", line 460, in call_endpoint
    response = endpoint_cls(**request_params)
TypeError: TeamPlayerOnOffSummary.__init__() missing 1 required positional argument: 'team_id'
Traceback (most recent call last):
  File "/Users/akshatporwal/Documents/projects/NBA_ML/collect_nba_api_data.py", line 460, in call_endpoint
    response = endpoint_cls(**request_params)
TypeError: TeamPlayerOnOffSummary.__init__() missing 1 required positional argument: 'team_id'
Traceback (most recent call last):
  File "/Users/akshatporwal/Documents/projects/NBA_ML/collect_nba_api_data.py", line 460, in call_endpoint
    response = endpoint_cls(**request_params)
TypeError: TeamPlayerOnOffSummary.__init__() missing 1 required positional argument: 'team_id'
Traceback (most recent call last):
  File "/Users/akshatporwal/Documents/projects/NBA_ML/collect_nba_api_data.py", line 460, in call_endpoint
    response = endpoint_cls(**request_params)
TypeError: TeamPlayerOnOffSummary.__init__() missing 1 required positional argument: 'team_id'
Traceback (most recent call last):
  File "/Users/akshatporwal/Documents/projects/NBA_ML/collect_nba_api_data.py", line 460, in call_endpoint
    response = endpoint_cls(**request_params)
  File "/Users/akshatporwal/Documents/projects/NBA_ML/.venv/lib/python3.14/site-packages/nba_api/stats/endpoints/playercareerstats.py", line 315, in __init__
    self.get_request()
    ~~~~~~~~~~~~~~~~^^
  File "/Users/akshatporwal/Documents/projects/NBA_ML/.venv/lib/python3.14/site-packages/nba_api/stats/endpoints/playercareerstats.py", line 325, in get_request
    self.load_response()
    ~~~~~~~~~~~~~~~~~~^^
  File "/Users/akshatporwal/Documents/projects/NBA_ML/.venv/lib/python3.14/site-packages/nba_api/stats/endpoints/playercareerstats.py", line 328, in load_response
    data_sets = self.nba_response.get_data_sets()
  File "/Users/akshatporwal/Documents/projects/NBA_ML/.venv/lib/python3.14/site-packages/nba_api/stats/library/http.py", line 104, in get_data_sets
    results = raw_dict["resultSet"]
              ~~~~~~~~^^^^^^^^^^^^^
KeyError: 'resultSet'
Traceback (most recent call last):
  File "/Users/akshatporwal/Documents/projects/NBA_ML/collect_nba_api_data.py", line 460, in call_endpoint
    response = endpoint_cls(**request_params)
TypeError: TeamPlayerOnOffSummary.__init__() missing 1 required positional argument: 'team_id'
Traceback (most recent call last):
  File "/Users/akshatporwal/Documents/projects/NBA_ML/collect_nba_api_data.py", line 460, in call_endpoint
    response = endpoint_cls(**request_params)
TypeError: TeamPlayerOnOffSummary.__init__() missing 1 required positional argument: 'team_id'
Traceback (most recent call last):
  File "/Users/akshatporwal/Documents/projects/NBA_ML/collect_nba_api_data.py", line 460, in call_endpoint
    response = endpoint_cls(**request_params)
TypeError: TeamPlayerOnOffSummary.__init__() missing 1 required positional argument: 'team_id'
Traceback (most recent call last):
  File "/Users/akshatporwal/Documents/projects/NBA_ML/collect_nba_api_data.py", line 460, in call_endpoint
    response = endpoint_cls(**request_params)
TypeError: TeamPlayerOnOffSummary.__init__() missing 1 required positional argument: 'team_id'
Traceback (most recent call last):
  File "/Users/akshatporwal/Documents/projects/NBA_ML/collect_nba_api_data.py", line 460, in call_endpoint
    response = endpoint_cls(**request_params)
TypeError: TeamPlayerOnOffSummary.__init__() missing 1 required positional argument: 'team_id'
Traceback (most recent call last):
  File "/Users/akshatporwal/Documents/projects/NBA_ML/collect_nba_api_data.py", line 460, in call_endpoint
    response = endpoint_cls(**request_params)
TypeError: TeamPlayerOnOffSummary.__init__() missing 1 required positional argument: 'team_id'
Traceback (most recent call last):
  File "/Users/akshatporwal/Documents/projects/NBA_ML/collect_nba_api_data.py", line 460, in call_endpoint
    response = endpoint_cls(**request_params)
TypeError: TeamPlayerOnOffSummary.__init__() missing 1 required positional argument: 'team_id'
Traceback (most recent call last):
  File "/Users/akshatporwal/Documents/projects/NBA_ML/collect_nba_api_data.py", line 460, in call_endpoint
    response = endpoint_cls(**request_params)
TypeError: TeamPlayerOnOffSummary.__init__() missing 1 required positional argument: 'team_id'
Traceback (most recent call last):
  File "/Users/akshatporwal/Documents/projects/NBA_ML/collect_nba_api_data.py", line 460, in call_endpoint
    response = endpoint_cls(**request_params)
  File "/Users/akshatporwal/Documents/projects/NBA_ML/.venv/lib/python3.14/site-packages/nba_api/stats/endpoints/playercareerstats.py", line 315, in __init__
    self.get_request()
    ~~~~~~~~~~~~~~~~^^
  File "/Users/akshatporwal/Documents/projects/NBA_ML/.venv/lib/python3.14/site-packages/nba_api/stats/endpoints/playercareerstats.py", line 325, in get_request
    self.load_response()
    ~~~~~~~~~~~~~~~~~~^^
  File "/Users/akshatporwal/Documents/projects/NBA_ML/.venv/lib/python3.14/site-packages/nba_api/stats/endpoints/playercareerstats.py", line 328, in load_response
    data_sets = self.nba_response.get_data_sets()
  File "/Users/akshatporwal/Documents/projects/NBA_ML/.venv/lib/python3.14/site-packages/nba_api/stats/library/http.py", line 104, in get_data_sets
    results = raw_dict["resultSet"]
              ~~~~~~~~^^^^^^^^^^^^^
KeyError: 'resultSet'
Traceback (most recent call last):
  File "/Users/akshatporwal/Documents/projects/NBA_ML/collect_nba_api_data.py", line 460, in call_endpoint
    response = endpoint_cls(**request_params)
TypeError: TeamPlayerOnOffSummary.__init__() missing 1 required positional argument: 'team_id'
Traceback (most recent call last):
  File "/Users/akshatporwal/Documents/projects/NBA_ML/collect_nba_api_data.py", line 460, in call_endpoint
    response = endpoint_cls(**request_params)
TypeError: TeamPlayerOnOffSummary.__init__() missing 1 required positional argument: 'team_id'
Traceback (most recent call last):
  File "/Users/akshatporwal/Documents/projects/NBA_ML/collect_nba_api_data.py", line 460, in call_endpoint
    response = endpoint_cls(**request_params)
TypeError: TeamPlayerOnOffSummary.__init__() missing 1 required positional argument: 'team_id'
Traceback (most recent call last):
  File "/Users/akshatporwal/Documents/projects/NBA_ML/collect_nba_api_data.py", line 460, in call_endpoint
    response = endpoint_cls(**request_params)
TypeError: TeamPlayerOnOffSummary.__init__() missing 1 required positional argument: 'team_id'
Traceback (most recent call last):
  File "/Users/akshatporwal/Documents/projects/NBA_ML/collect_nba_api_data.py", line 460, in call_endpoint
    response = endpoint_cls(**request_params)
TypeError: TeamPlayerOnOffSummary.__init__() missing 1 required positional argument: 'team_id'
Traceback (most recent call last):
  File "/Users/akshatporwal/Documents/projects/NBA_ML/collect_nba_api_data.py", line 460, in call_endpoint
    response = endpoint_cls(**request_params)
TypeError: TeamPlayerOnOffSummary.__init__() missing 1 required positional argument: 'team_id'
Traceback (most recent call last):
  File "/Users/akshatporwal/Documents/projects/NBA_ML/collect_nba_api_data.py", line 460, in call_endpoint
    response = endpoint_cls(**request_params)
TypeError: TeamPlayerOnOffSummary.__init__() missing 1 required positional argument: 'team_id'
Traceback (most recent call last):
  File "/Users/akshatporwal/Documents/projects/NBA_ML/collect_nba_api_data.py", line 460, in call_endpoint
    response = endpoint_cls(**request_params)
TypeError: TeamPlayerOnOffSummary.__init__() missing 1 required positional argument: 'team_id'
Traceback (most recent call last):
  File "/Users/akshatporwal/Documents/projects/NBA_ML/collect_nba_api_data.py", line 460, in call_endpoint
    response = endpoint_cls(**request_params)
TypeError: TeamPlayerOnOffSummary.__init__() missing 1 required positional argument: 'team_id'
Traceback (most recent call last):
  File "/Users/akshatporwal/Documents/projects/NBA_ML/collect_nba_api_data.py", line 460, in call_endpoint
    response = endpoint_cls(**request_params)
TypeError: TeamPlayerOnOffSummary.__init__() missing 1 required positional argument: 'team_id'
Traceback (most recent call last):
  File "/Users/akshatporwal/Documents/projects/NBA_ML/collect_nba_api_data.py", line 460, in call_endpoint
    response = endpoint_cls(**request_params)
TypeError: TeamPlayerOnOffSummary.__init__() missing 1 required positional argument: 'team_id'
Traceback (most recent call last):
  File "/Users/akshatporwal/Documents/projects/NBA_ML/collect_nba_api_data.py", line 460, in call_endpoint
    response = endpoint_cls(**request_params)
TypeError: TeamPlayerOnOffSummary.__init__() missing 1 required positional argument: 'team_id'
Traceback (most recent call last):
  File "/Users/akshatporwal/Documents/projects/NBA_ML/collect_nba_api_data.py", line 460, in call_endpoint
    response = endpoint_cls(**request_params)
TypeError: TeamPlayerOnOffSummary.__init__() missing 1 required positional argument: 'team_id'
Traceback (most recent call last):
  File "/Users/akshatporwal/Documents/projects/NBA_ML/collect_nba_api_data.py", line 460, in call_endpoint
    response = endpoint_cls(**request_params)
TypeError: TeamPlayerOnOffSummary.__init__() missing 1 required positional argument: 'team_id'
Traceback (most recent call last):
  File "/Users/akshatporwal/Documents/projects/NBA_ML/collect_nba_api_data.py", line 460, in call_endpoint
    response = endpoint_cls(**request_params)
TypeError: TeamPlayerOnOffSummary.__init__() missing 1 required positional argument: 'team_id'
Traceback (most recent call last):
  File "/Users/akshatporwal/Documents/projects/NBA_ML/collect_nba_api_data.py", line 460, in call_endpoint
    response = endpoint_cls(**request_params)
TypeError: TeamPlayerOnOffSummary.__init__() missing 1 required positional argument: 'team_id'
Traceback (most recent call last):
  File "/Users/akshatporwal/Documents/projects/NBA_ML/collect_nba_api_data.py", line 460, in call_endpoint
    response = endpoint_cls(**request_params)
TypeError: TeamPlayerOnOffSummary.__init__() missing 1 required positional argument: 'team_id'
Traceback (most recent call last):
  File "/Users/akshatporwal/Documents/projects/NBA_ML/collect_nba_api_data.py", line 460, in call_endpoint
    response = endpoint_cls(**request_params)
TypeError: TeamPlayerOnOffSummary.__init__() missing 1 required positional argument: 'team_id'
Traceback (most recent call last):
  File "/Users/akshatporwal/Documents/projects/NBA_ML/collect_nba_api_data.py", line 460, in call_endpoint
    response = endpoint_cls(**request_params)
TypeError: TeamPlayerOnOffSummary.__init__() missing 1 required positional argument: 'team_id'
Traceback (most recent call last):
  File "/Users/akshatporwal/Documents/projects/NBA_ML/collect_nba_api_data.py", line 460, in call_endpoint
    response = endpoint_cls(**request_params)
TypeError: TeamPlayerOnOffSummary.__init__() missing 1 required positional argument: 'team_id'
Traceback (most recent call last):
  File "/Users/akshatporwal/Documents/projects/NBA_ML/collect_nba_api_data.py", line 460, in call_endpoint
    response = endpoint_cls(**request_params)
TypeError: TeamPlayerOnOffSummary.__init__() missing 1 required positional argument: 'team_id'
Traceback (most recent call last):
  File "/Users/akshatporwal/Documents/projects/NBA_ML/collect_nba_api_data.py", line 460, in call_endpoint
    response = endpoint_cls(**request_params)
TypeError: TeamPlayerOnOffSummary.__init__() missing 1 required positional argument: 'team_id'
Traceback (most recent call last):
  File "/Users/akshatporwal/Documents/projects/NBA_ML/collect_nba_api_data.py", line 460, in call_endpoint
    response = endpoint_cls(**request_params)
TypeError: TeamPlayerOnOffSummary.__init__() missing 1 required positional argument: 'team_id'
Traceback (most recent call last):
  File "/Users/akshatporwal/Documents/projects/NBA_ML/collect_nba_api_data.py", line 460, in call_endpoint
    response = endpoint_cls(**request_params)
TypeError: TeamPlayerOnOffSummary.__init__() missing 1 required positional argument: 'team_id'
Traceback (most recent call last):
  File "/Users/akshatporwal/Documents/projects/NBA_ML/collect_nba_api_data.py", line 460, in call_endpoint
    response = endpoint_cls(**request_params)
TypeError: TeamPlayerOnOffSummary.__init__() missing 1 required positional argument: 'team_id'
Traceback (most recent call last):
  File "/Users/akshatporwal/Documents/projects/NBA_ML/collect_nba_api_data.py", line 460, in call_endpoint
    response = endpoint_cls(**request_params)
TypeError: TeamPlayerOnOffSummary.__init__() missing 1 required positional argument: 'team_id'
Traceback (most recent call last):
  File "/Users/akshatporwal/Documents/projects/NBA_ML/collect_nba_api_data.py", line 460, in call_endpoint
    response = endpoint_cls(**request_params)
TypeError: TeamPlayerOnOffSummary.__init__() missing 1 required positional argument: 'team_id'
Traceback (most recent call last):
  File "/Users/akshatporwal/Documents/projects/NBA_ML/collect_nba_api_data.py", line 460, in call_endpoint
    response = endpoint_cls(**request_params)
TypeError: TeamPlayerOnOffSummary.__init__() missing 1 required positional argument: 'team_id'
Traceback (most recent call last):
  File "/Users/akshatporwal/Documents/projects/NBA_ML/collect_nba_api_data.py", line 460, in call_endpoint
    response = endpoint_cls(**request_params)
  File "/Users/akshatporwal/Documents/projects/NBA_ML/.venv/lib/python3.14/site-packages/nba_api/stats/endpoints/playercareerstats.py", line 315, in __init__
    self.get_request()
    ~~~~~~~~~~~~~~~~^^
  File "/Users/akshatporwal/Documents/projects/NBA_ML/.venv/lib/python3.14/site-packages/nba_api/stats/endpoints/playercareerstats.py", line 325, in get_request
    self.load_response()
    ~~~~~~~~~~~~~~~~~~^^
  File "/Users/akshatporwal/Documents/projects/NBA_ML/.venv/lib/python3.14/site-packages/nba_api/stats/endpoints/playercareerstats.py", line 328, in load_response
    data_sets = self.nba_response.get_data_sets()
  File "/Users/akshatporwal/Documents/projects/NBA_ML/.venv/lib/python3.14/site-packages/nba_api/stats/library/http.py", line 104, in get_data_sets
    results = raw_dict["resultSet"]
              ~~~~~~~~^^^^^^^^^^^^^
KeyError: 'resultSet'
Traceback (most recent call last):
  File "/Users/akshatporwal/Documents/projects/NBA_ML/collect_nba_api_data.py", line 460, in call_endpoint
    response = endpoint_cls(**request_params)
TypeError: TeamPlayerOnOffSummary.__init__() missing 1 required positional argument: 'team_id'
Traceback (most recent call last):
  File "/Users/akshatporwal/Documents/projects/NBA_ML/collect_nba_api_data.py", line 460, in call_endpoint
    response = endpoint_cls(**request_params)
TypeError: TeamPlayerOnOffSummary.__init__() missing 1 required positional argument: 'team_id'
Traceback (most recent call last):
  File "/Users/akshatporwal/Documents/projects/NBA_ML/collect_nba_api_data.py", line 460, in call_endpoint
    response = endpoint_cls(**request_params)
TypeError: TeamPlayerOnOffSummary.__init__() missing 1 required positional argument: 'team_id'
Traceback (most recent call last):
  File "/Users/akshatporwal/Documents/projects/NBA_ML/collect_nba_api_data.py", line 460, in call_endpoint
    response = endpoint_cls(**request_params)
TypeError: TeamPlayerOnOffSummary.__init__() missing 1 required positional argument: 'team_id'
Traceback (most recent call last):
  File "/Users/akshatporwal/Documents/projects/NBA_ML/collect_nba_api_data.py", line 460, in call_endpoint
    response = endpoint_cls(**request_params)
TypeError: TeamPlayerOnOffSummary.__init__() missing 1 required positional argument: 'team_id'
Traceback (most recent call last):
  File "/Users/akshatporwal/Documents/projects/NBA_ML/collect_nba_api_data.py", line 460, in call_endpoint
    response = endpoint_cls(**request_params)
TypeError: TeamPlayerOnOffSummary.__init__() missing 1 required positional argument: 'team_id'
Traceback (most recent call last):
  File "/Users/akshatporwal/Documents/projects/NBA_ML/.venv/lib/python3.14/site-packages/urllib3/connectionpool.py", line 534, in _make_request
    response = conn.getresponse()
  File "/Users/akshatporwal/Documents/projects/NBA_ML/.venv/lib/python3.14/site-packages/urllib3/connection.py", line 571, in getresponse
    httplib_response = super().getresponse()
  File "/opt/homebrew/Cellar/python@3.14/3.14.0/Frameworks/Python.framework/Versions/3.14/lib/python3.14/http/client.py", line 1430, in getresponse
    response.begin()
    ~~~~~~~~~~~~~~^^
  File "/opt/homebrew/Cellar/python@3.14/3.14.0/Frameworks/Python.framework/Versions/3.14/lib/python3.14/http/client.py", line 331, in begin
    version, status, reason = self._read_status()
                              ~~~~~~~~~~~~~~~~~^^
  File "/opt/homebrew/Cellar/python@3.14/3.14.0/Frameworks/Python.framework/Versions/3.14/lib/python3.14/http/client.py", line 292, in _read_status
    line = str(self.fp.readline(_MAXLINE + 1), "iso-8859-1")
               ~~~~~~~~~~~~~~~~^^^^^^^^^^^^^^
  File "/opt/homebrew/Cellar/python@3.14/3.14.0/Frameworks/Python.framework/Versions/3.14/lib/python3.14/socket.py", line 725, in readinto
    return self._sock.recv_into(b)
           ~~~~~~~~~~~~~~~~~~~~^^^
  File "/opt/homebrew/Cellar/python@3.14/3.14.0/Frameworks/Python.framework/Versions/3.14/lib/python3.14/ssl.py", line 1304, in recv_into
    return self.read(nbytes, buffer)
           ~~~~~~~~~^^^^^^^^^^^^^^^^
  File "/opt/homebrew/Cellar/python@3.14/3.14.0/Frameworks/Python.framework/Versions/3.14/lib/python3.14/ssl.py", line 1138, in read
    return self._sslobj.read(len, buffer)
           ~~~~~~~~~~~~~~~~~^^^^^^^^^^^^^
TimeoutError: The read operation timed out

The above exception was the direct cause of the following exception:

Traceback (most recent call last):
  File "/Users/akshatporwal/Documents/projects/NBA_ML/.venv/lib/python3.14/site-packages/requests/adapters.py", line 644, in send
    resp = conn.urlopen(
        method=request.method,
    ...<9 lines>...
        chunked=chunked,
    )
  File "/Users/akshatporwal/Documents/projects/NBA_ML/.venv/lib/python3.14/site-packages/urllib3/connectionpool.py", line 841, in urlopen
    retries = retries.increment(
        method, url, error=new_e, _pool=self, _stacktrace=sys.exc_info()[2]
    )
  File "/Users/akshatporwal/Documents/projects/NBA_ML/.venv/lib/python3.14/site-packages/urllib3/util/retry.py", line 490, in increment
    raise reraise(type(error), error, _stacktrace)
          ~~~~~~~^^^^^^^^^^^^^^^^^^^^^^^^^^^^^^^^^
  File "/Users/akshatporwal/Documents/projects/NBA_ML/.venv/lib/python3.14/site-packages/urllib3/util/util.py", line 39, in reraise
    raise value
  File "/Users/akshatporwal/Documents/projects/NBA_ML/.venv/lib/python3.14/site-packages/urllib3/connectionpool.py", line 787, in urlopen
    response = self._make_request(
        conn,
    ...<10 lines>...
        **response_kw,
    )
  File "/Users/akshatporwal/Documents/projects/NBA_ML/.venv/lib/python3.14/site-packages/urllib3/connectionpool.py", line 536, in _make_request
    self._raise_timeout(err=e, url=url, timeout_value=read_timeout)
    ~~~~~~~~~~~~~~~~~~~^^^^^^^^^^^^^^^^^^^^^^^^^^^^^^^^^^^^^^^^^^^^
  File "/Users/akshatporwal/Documents/projects/NBA_ML/.venv/lib/python3.14/site-packages/urllib3/connectionpool.py", line 367, in _raise_timeout
    raise ReadTimeoutError(
        self, url, f"Read timed out. (read timeout={timeout_value})"
    ) from err
urllib3.exceptions.ReadTimeoutError: HTTPSConnectionPool(host='stats.nba.com', port=443): Read timed out. (read timeout=45)

During handling of the above exception, another exception occurred:

Traceback (most recent call last):
  File "/Users/akshatporwal/Documents/projects/NBA_ML/collect_nba_api_data.py", line 460, in call_endpoint
    response = endpoint_cls(**request_params)
  File "/Users/akshatporwal/Documents/projects/NBA_ML/.venv/lib/python3.14/site-packages/nba_api/stats/endpoints/playergamelog.py", line 72, in __init__
    self.get_request()
    ~~~~~~~~~~~~~~~~^^
  File "/Users/akshatporwal/Documents/projects/NBA_ML/.venv/lib/python3.14/site-packages/nba_api/stats/endpoints/playergamelog.py", line 75, in get_request
    self.nba_response = NBAStatsHTTP().send_api_request(
                        ~~~~~~~~~~~~~~~~~~~~~~~~~~~~~~~^
        endpoint=self.endpoint,
        ^^^^^^^^^^^^^^^^^^^^^^^
    ...<3 lines>...
        timeout=self.timeout,
        ^^^^^^^^^^^^^^^^^^^^^
    )
    ^
  File "/Users/akshatporwal/Documents/projects/NBA_ML/.venv/lib/python3.14/site-packages/nba_api/library/http.py", line 160, in send_api_request
    response = self.get_session().get(
        url=base_url,
    ...<3 lines>...
        timeout=timeout,
    )
  File "/Users/akshatporwal/Documents/projects/NBA_ML/.venv/lib/python3.14/site-packages/requests/sessions.py", line 602, in get
    return self.request("GET", url, **kwargs)
           ~~~~~~~~~~~~^^^^^^^^^^^^^^^^^^^^^^
  File "/Users/akshatporwal/Documents/projects/NBA_ML/.venv/lib/python3.14/site-packages/requests/sessions.py", line 589, in request
    resp = self.send(prep, **send_kwargs)
  File "/Users/akshatporwal/Documents/projects/NBA_ML/.venv/lib/python3.14/site-packages/requests/sessions.py", line 703, in send
    r = adapter.send(request, **kwargs)
  File "/Users/akshatporwal/Documents/projects/NBA_ML/.venv/lib/python3.14/site-packages/requests/adapters.py", line 690, in send
    raise ReadTimeout(e, request=request)
requests.exceptions.ReadTimeout: HTTPSConnectionPool(host='stats.nba.com', port=443): Read timed out. (read timeout=45)
Traceback (most recent call last):
  File "/Users/akshatporwal/Documents/projects/NBA_ML/collect_nba_api_data.py", line 460, in call_endpoint
    response = endpoint_cls(**request_params)
TypeError: TeamPlayerOnOffSummary.__init__() missing 1 required positional argument: 'team_id'
Traceback (most recent call last):
  File "/Users/akshatporwal/Documents/projects/NBA_ML/collect_nba_api_data.py", line 460, in call_endpoint
    response = endpoint_cls(**request_params)
TypeError: TeamPlayerOnOffSummary.__init__() missing 1 required positional argument: 'team_id'
Traceback (most recent call last):
  File "/Users/akshatporwal/Documents/projects/NBA_ML/collect_nba_api_data.py", line 460, in call_endpoint
    response = endpoint_cls(**request_params)
  File "/Users/akshatporwal/Documents/projects/NBA_ML/.venv/lib/python3.14/site-packages/nba_api/stats/endpoints/playercareerstats.py", line 315, in __init__
    self.get_request()
    ~~~~~~~~~~~~~~~~^^
  File "/Users/akshatporwal/Documents/projects/NBA_ML/.venv/lib/python3.14/site-packages/nba_api/stats/endpoints/playercareerstats.py", line 325, in get_request
    self.load_response()
    ~~~~~~~~~~~~~~~~~~^^
  File "/Users/akshatporwal/Documents/projects/NBA_ML/.venv/lib/python3.14/site-packages/nba_api/stats/endpoints/playercareerstats.py", line 328, in load_response
    data_sets = self.nba_response.get_data_sets()
  File "/Users/akshatporwal/Documents/projects/NBA_ML/.venv/lib/python3.14/site-packages/nba_api/stats/library/http.py", line 104, in get_data_sets
    results = raw_dict["resultSet"]
              ~~~~~~~~^^^^^^^^^^^^^
KeyError: 'resultSet'
Traceback (most recent call last):
  File "/Users/akshatporwal/Documents/projects/NBA_ML/collect_nba_api_data.py", line 460, in call_endpoint
    response = endpoint_cls(**request_params)
TypeError: TeamPlayerOnOffSummary.__init__() missing 1 required positional argument: 'team_id'
Traceback (most recent call last):
  File "/Users/akshatporwal/Documents/projects/NBA_ML/collect_nba_api_data.py", line 460, in call_endpoint
    response = endpoint_cls(**request_params)
TypeError: TeamPlayerOnOffSummary.__init__() missing 1 required positional argument: 'team_id'
Traceback (most recent call last):
  File "/Users/akshatporwal/Documents/projects/NBA_ML/collect_nba_api_data.py", line 460, in call_endpoint
    response = endpoint_cls(**request_params)
TypeError: TeamPlayerOnOffSummary.__init__() missing 1 required positional argument: 'team_id'
Traceback (most recent call last):
  File "/Users/akshatporwal/Documents/projects/NBA_ML/collect_nba_api_data.py", line 460, in call_endpoint
    response = endpoint_cls(**request_params)
TypeError: TeamPlayerOnOffSummary.__init__() missing 1 required positional argument: 'team_id'
Traceback (most recent call last):
  File "/Users/akshatporwal/Documents/projects/NBA_ML/collect_nba_api_data.py", line 460, in call_endpoint
    response = endpoint_cls(**request_params)
TypeError: TeamPlayerOnOffSummary.__init__() missing 1 required positional argument: 'team_id'
Traceback (most recent call last):
  File "/Users/akshatporwal/Documents/projects/NBA_ML/collect_nba_api_data.py", line 460, in call_endpoint
    response = endpoint_cls(**request_params)
TypeError: TeamPlayerOnOffSummary.__init__() missing 1 required positional argument: 'team_id'
Traceback (most recent call last):
  File "/Users/akshatporwal/Documents/projects/NBA_ML/collect_nba_api_data.py", line 460, in call_endpoint
    response = endpoint_cls(**request_params)
TypeError: TeamPlayerOnOffSummary.__init__() missing 1 required positional argument: 'team_id'
Traceback (most recent call last):
  File "/Users/akshatporwal/Documents/projects/NBA_ML/collect_nba_api_data.py", line 460, in call_endpoint
    response = endpoint_cls(**request_params)
TypeError: TeamPlayerOnOffSummary.__init__() missing 1 required positional argument: 'team_id'
Traceback (most recent call last):
  File "/Users/akshatporwal/Documents/projects/NBA_ML/collect_nba_api_data.py", line 460, in call_endpoint
    response = endpoint_cls(**request_params)
TypeError: TeamPlayerOnOffSummary.__init__() missing 1 required positional argument: 'team_id'
Traceback (most recent call last):
  File "/Users/akshatporwal/Documents/projects/NBA_ML/collect_nba_api_data.py", line 460, in call_endpoint
    response = endpoint_cls(**request_params)
TypeError: TeamPlayerOnOffSummary.__init__() missing 1 required positional argument: 'team_id'
Traceback (most recent call last):
  File "/Users/akshatporwal/Documents/projects/NBA_ML/collect_nba_api_data.py", line 460, in call_endpoint
    response = endpoint_cls(**request_params)
TypeError: TeamPlayerOnOffSummary.__init__() missing 1 required positional argument: 'team_id'
Traceback (most recent call last):
  File "/Users/akshatporwal/Documents/projects/NBA_ML/collect_nba_api_data.py", line 460, in call_endpoint
    response = endpoint_cls(**request_params)
TypeError: TeamPlayerOnOffSummary.__init__() missing 1 required positional argument: 'team_id'
Traceback (most recent call last):
  File "/Users/akshatporwal/Documents/projects/NBA_ML/collect_nba_api_data.py", line 460, in call_endpoint
    response = endpoint_cls(**request_params)
TypeError: TeamPlayerOnOffSummary.__init__() missing 1 required positional argument: 'team_id'
Traceback (most recent call last):
  File "/Users/akshatporwal/Documents/projects/NBA_ML/collect_nba_api_data.py", line 460, in call_endpoint
    response = endpoint_cls(**request_params)
TypeError: TeamPlayerOnOffSummary.__init__() missing 1 required positional argument: 'team_id'
Traceback (most recent call last):
  File "/Users/akshatporwal/Documents/projects/NBA_ML/collect_nba_api_data.py", line 460, in call_endpoint
    response = endpoint_cls(**request_params)
TypeError: TeamPlayerOnOffSummary.__init__() missing 1 required positional argument: 'team_id'
Traceback (most recent call last):
  File "/Users/akshatporwal/Documents/projects/NBA_ML/collect_nba_api_data.py", line 460, in call_endpoint
    response = endpoint_cls(**request_params)
TypeError: TeamPlayerOnOffSummary.__init__() missing 1 required positional argument: 'team_id'
Traceback (most recent call last):
  File "/Users/akshatporwal/Documents/projects/NBA_ML/collect_nba_api_data.py", line 460, in call_endpoint
    response = endpoint_cls(**request_params)
TypeError: TeamPlayerOnOffSummary.__init__() missing 1 required positional argument: 'team_id'
Traceback (most recent call last):
  File "/Users/akshatporwal/Documents/projects/NBA_ML/collect_nba_api_data.py", line 460, in call_endpoint
    response = endpoint_cls(**request_params)
TypeError: TeamPlayerOnOffSummary.__init__() missing 1 required positional argument: 'team_id'
Traceback (most recent call last):
  File "/Users/akshatporwal/Documents/projects/NBA_ML/collect_nba_api_data.py", line 460, in call_endpoint
    response = endpoint_cls(**request_params)
TypeError: TeamPlayerOnOffSummary.__init__() missing 1 required positional argument: 'team_id'
